normalize_text,skor,label_single
emang depresi itu harus diketahuii secara teknisss,0.755928946,Sadness
aku banget lagi gejalanya depresi itu sebulan aku gitu lebih lagi,0.603022689,Sadness
rasa sedih ada stage grief denial barginning anger depresi acceptance,1.264911064,Sadness
apakah masuk depresi ketika saya sudah tidak merasakan perasaan bahagia atau sedih atau kesel bahkan untuk hal hal kecil termasuk saat momen penting yaitu pernikahan dan kelahiran anak semuanya dilewati begitu saja,0.707106781,Anger
psikiater kalau stres kosultasi kediri sendiri atau pergi ke psikiater lain ya,0.577350269,Sadness
psikiater kalau stres ngomong sendiri atau pergi ke psikiater juga ya,0.603022689,Sadness
kesehatan mental itu bisa dirasakan dari janin dan kesehatan fisik memengaruhi kesehatan mental jadi kurang gizi bisa bikin gangguan mental,0.670820393,Sadness
ternyata aku ngalamin depresi bahkan berbulan bulan,0.755928946,Sadness
saya lagi difase gangguan depresi merasa terhibur sama dokter nya cara bicaranya lucu,0.554700196,Joy
tahun terakhir kadang terpaksa minum obat tidur demi bisa ngantor meeting business travel sembuh dari sinus tapi pasangan saya bukan pendengar sebaik sahabat2 kerjaan juga sulit cari dan terpaksa berhenti beribadah berusaha sudah tapi kadang masih sisaan tidur ya anxiety ringan depresi ringan,0.609994281,Fear
dan sekarang saya liat niih podcast karena lagi stres,0.666666667,Sadness
kalau stres mengasuh anak brati tidak sabar sama anak sendiri,0.632455532,Sadness
sedih ketika tubuh punya kekurangan semoga di temui orang positif dan di jauhi ganguan jiwa,0.516397779,Anticipation
jika tanda depresi ada tapi tidak mau berobat apa akan berpengaruh buruk,0.577350269,Sadness
saya depresi kaya flet aja tidak bisa ngerasain apa apa,0.632455532,Sadness
intersting take saya ada background teknik yang menarik adalah correlation adalah tidak causation apakah   obesitas mengakibatkan depresi   ataukah   obesitas berhubungan dengan depresi   itu adalah pernyataan yang sangat berbeda mungkinkah ada lost ini translation,0.657595949,Sadness
bagaimana cara menyembuhkan depresi dari duka yang mendalam,0.707106781,Sadness
podcast ini jadi buat aku ingat sama drakor daily dose of sunshine yang mana dia seorang perawat rumah sakit jiwa yang akhirnya perawatnya kena penyakit mental atau gangguan kecemasan dan setres sampai mau mati depresi banyak banget yang di bahas tentang skizofernia bipolar gangguan kecemasan depresi dan masih banyak lagi drama nya bagus banget dan menang di blue dragon,0.650944555,Fear
bapaku dari didiagnosa psikiater depresi dan cemas berobatnya ke rsk dharmawangsa bulan kmrn kena psikosomatik ngerasa sakit berat katanya rasanya punggungnya dingin selalu selimutan kemana mana pakai jaket selalu ngeluh aduh aduh akhirnya mcu hasilnya baik semua akhirnya kontrol ke rsk dharmawangsa ke ternyata depresi sama cemasnya lagi kambuh terus obatnya ditambahin sekarang alhamdulillah psikomatiknya udah sembuh depresi dan cemasnya masih minum obatnya dari sekarang,0.992277877,Fear
dokter evelyn ini enak banget ngobrolnya pengin diskusi karena w pernah depresi alhamdulillah udah balik pas depresi emang saya kehilangan minat hidup makanya pas saya udah sembuh senang makan saya bersyukur karena pas depresi males makan wkwkw,0.986393924,Joy
aku kalau lagi cemas atau panik lompat lompat sambil nangis wkwkwkwwk,0.603022689,Fear
diagnosa depresi ujung nya bipolar diagnosa nya sampai saat ini masih minum obat,0.554700196,Sadness
cemas berlebih saat tanggal tua itu apakah termasuk gangguan ya bang,0.603022689,Fear
belum tentu orang depresi terlihat depresi mgkn styp orang pny kecenderungan npd tapi levelny beda2 x iya,0.9701425,Sadness
aku kena gerd kalau kambuh sama paniknya juga padahal pola makan udah aman dan memghindari makanan yang dilarang tapi tetap kambuh ternyata stres pemicunya tidak nyangka stres sebahaya ini,0.742781353,Fear
taukah kalian dokter ini pada masa sekolahnya dulu sering melakukan pembullian dan menyebabkan depresi,0.534522484,Sadness
jadi inget masa2 suram tahun depresi parah tidak keluar rumah,0.632455532,Sadness
depresi biasanya terlihat bahagia perhatiin aja foto foto tokoh dunia yang depresi,1.154700538,Joy
saya kerja di luar negeri depresi gara2 patner kerja indonesianya kerja tidak bener nyalah nyalahin egois,1.25,Sadness
reaksi stres akut tahap stres denial anger marah bargaining nawar depresi acceptance,1.732050808,Anger
dok aku dilarang sama ibu untuk main ff sekarang lagi depresi berat,0.577350269,Sadness
penasaran ini bang radit lagi stres mikirin masalah apa wkwk,0.632455532,Anticipation
ekspresi sedih bang radit karena lebih tua,0.755928946,Sadness
alhamdulillah beruntung banget walau sudah 4tahun ini saya mengalami stres akut n depresi serta tidak punya teman setidaknya saya masih bisa hidup sampai detik ini walau jujur tiap hari pengennya cuma mati,0.707106781,Joy
fyi skizofrenia adalah gangguan mental berat yang dapat memengaruhi tingkah laku emosi dan komunikasi,0.534522484,Sadness
pas banget lagi stres hehehe,0.894427191,Sadness
aku merasa aneh bilang semangat tapi aku yang kaya depresi,0.632455532,Sadness
aku termasuk orang yang depresi,0.894427191,Sadness
depresi adalah penyakit medis ingat itu,0.816496581,Sadness
kalau sadar punya pwnyakit depresi apakah bisa mengubah diri sendiri,0.632455532,Sadness
aku sudah hampir tahun minum obat dari psikiater kata dokter aku terkena depresi semangatt buat kaliann,0.5,Sadness
depresi banyak orang gausah sedih kamu tidak sendiri harus ditemani jangan dihakimi dan dijauhi,1.069044968,Sadness
aku udah depresi hampir setahun te tapi aku tetap semangat,0.632455532,Sadness
aku semenjak sama punya sakit depresi,0.816496581,Sadness
depresi karena nganggur ingin rasa nya mengakhiri hidup,0.707106781,Anticipation
saya sering depresi di sekolah tapi aku tidak pernah ngomong,0.632455532,Sadness
mau tanya nih bos depresi bisa kena cemas,1.414213562,Fear
saya adalah oraang depresi yang di sebabkan salah satu keluarga saya deprese,0.577350269,Sadness
hai aku penyintas depresi episode rasanya berat semoga kita semua sehat selalu baik fisik maupun mental buat teman teman yang sehat tolong jangn terlalu menyepelekan kesehatan mental dan jika kalian tidak bisa memberi solusi mohon jangan membandingkan dan menghakimi,0.640512615,Anticipation
aku tahun tapi selalu di bully jadi depresi terkena penyakit anxiety,0.603022689,Fear
aku depresi gara gara nenek aku mati,0.755928946,Disgust
doakan saya kawam saya didiagnosa depresi sedang semoga kalian diluar sana yang sedang berjuang diberkian kesembuhan,0.5,Anticipation
aku mulai mengalami depresi setelah menginjak kelas sama,0.707106781,Sadness
ada yang udah sembuh dari depresi kalau ada tutornya dong,0.632455532,Sadness
depresi tidak dek desi i hope kamu know it,0.666666667,Sadness
tahun saya di siksa dengan depresi orang tidak tau yang kita rasakan tidak ada rasa sedih senang tidak ada yang bisa kita rasakan sedangkan mau makan saja butuh tenaga yang luar biasa untuk mengambil makanan sukur saat ini saya sudah terbebas dari depresi,0.914991422,Joy
jujur aku punya semua bahkan waktu sekolah pun aku pakai wajah ke dua supaya depresi saya tidak terlihat bahkan aku sering dibilang gila karena tertawa saya yang tidak jelas kadang aku sering berkata kotor supaya depresi saya tidak terlihat sama sekali aku udah pendam depresi saya kalau tidak salah tahun dari awal kelas sampai dengan hingga saat ini bahkan tekanan dari orang tua pun selalu menjadi babn bagi pikiran saya,0.836660027,Sadness
kok pas depresi deg degan sama sesak nafas ya,0.666666667,Fear
tahun nganggur gara2 saya depresi trauma masa lalu dan takut sebelum memulai saat mental down saya selalu ingin bunuh diri gini amat hidup saya sekarang jadi nolep tidak punya tujuan hidup,0.538815906,Fear
obat paling ampuh melawan depresi itu sujud kepada tuhan swt,0.632455532,Sadness
kamus orang indonesia   bersdm tinggi   depresi odgj,0.666666667,Sadness
depresi sekali dari awal januari sampai saat ini,0.707106781,Sadness
orang depresi sama orang sekitar pasti dianggapnya   gila   jadi kadang ada orang yang tidak mau sampai ada orang lain yang tau kalau dia depresi,0.784464541,Sadness
depresi itu seperti apa dia,0.894427191,Sadness
kalau ketergantungan obat jatuhnya kecemasan atau depresi,0.755928946,Fear
kyanya saya ngalamin depresi dan anxity,0.816496581,Sadness
tolong aku saya mohon tolong aku depresi,0.755928946,Sadness
saya depresi dan tidak akan di obatin karena nati makin di bully saran cara muka tidak keliatan depresi dong,0.917662935,Sadness
setau saya di jakarta selatan ada rumah sakit dharmawangsa yang melayani konsultasi penyakit bipolar depresi dan kesehatan mental dokter nya juga rekomendasi banget,0.625543242,Sadness
saat ini aku sedang mengalami stres atau depresi atau bahkan aku kena gangguan jiwa atau trauma batin yang sudah mndlm aku gtw yang kutau saat ini aku ingin sendiri dan lebih nymn menyendiri keluar hanya sekedar keperluan saja,0.648885685,Anticipation
saya merasa diri saya depresi dan dokter sudah mengetes saya makanya mau cari tau ke sini saya tidak bisa tidur suka kebangun dan pikiran saya kacau,0.784464541,Sadness
kalau setiap hari tidur nya pagi apa itu depresi aku insom sudah berbulan bulan tidur selalu pagi kadang siang kadang sore sampai berat banget kpla karena gateratur,0.769800359,Sadness
ibu saya malah bilang tidak ada anak kecil yang stres depresi jiga mikir ken nuberat saja padahal mental health itu sangat penting hehe bahkan akumau kuliah ambil psiklogi juga di just sebagai gila capek banget ngeliat mandset orang tua saya bikin stres,1.08012345,Sadness
berat merawat diri sampai tahun stres berat rasanya buat hal merawat diri,0.577350269,Sadness
tapi kalau kita mau menemukan orang depresi lumawan susah karena orang depresi itu punya topeng dibalik di wajah semyum nya,0.894427191,Sadness
bagi penderita depresi jangan lah khawatir tentang hidup kamu atau masalahmu dan jangan biarkan masalahmu mendalilkan dirimu karena kamu saja la yang bisa mendalilkan dirimu masalah kamu dan pikiran kamu dan ingatlah bahwa dunia ini hanya sementara saya doakan selalu untuk kamu semoga sembuh dari depresi,0.737209781,Fear
rasa ingin bunuh diri apa itu depresi,0.755928946,Anticipation
depresi itu orang gila di jalan,0.816496581,Sadness
saya pertama kali depresi ketika sama kelas tapi telah berlalu sembuh setelah bulan meliburkan diri saya merasa hampa males mandi stres berkelanjutan serta sedih tanpa sebab salah satu penyembuhnya ialah agama islam menurut saya di islam ada kitab suci petunjuk berkehidupan yaitu al qur an,0.894427191,Sadness
sebenarnya siapa yang membuat semua ini membuat mental kita rusak siapa yang sebenarnya merusak mental betapa liciknya mereka yang merusak mental kita secara diam  ,0.6,Sadness
halo pak saya depresi karena teman perempuan tidak kunjung merespon,0.632455532,Sadness
saya sering merasa kesepian sedih tiba2 pengin nangis mengurung diri sendiri di kamar,1.109400392,Anticipation
cari teman dong buat yang sesama depresi hehe,0.707106781,Sadness
terima kasih minimal maaf apakah depresi itu gejala gila,0.666666667,Sadness
hidup sebebas ini juga masih depresi plus anxiety,0.707106781,Fear
aku sering ngerasa kesepian bahkan sedih sampai sehari full dan tidak nafsu makan ngerasa hampa dan tidak tau gimana caranya buat ngembaliin mood serasa tidak tertarik buat ngomong sama orang2 sampai tidak tau harus ngomong apaan dan jawab apaan kalau udah parah banget aku pasti nangis sendiri karena saking ngerasa kesepian apa itu bisa disebut depresi,1.069044968,Sadness
bocil yang disuruh beli garem waktu push rank aku depresi,0.632455532,Sadness
waduh ternyata aku depresi toh,0.894427191,Sadness
keknya w sudah lama depresi bertahun tahun pen banget ken psikolog cuman uang adalah uang,0.516397779,Sadness
haaai aku juga penyintasnya dan berhasil melalui masa masa sulit itu kita sendiri yang paham apa yang membuat kita ngerasa depresi trauma dan sedih karena itu adalah akibat dari ingatan buruk tentang sesuatu hal yang berusaha kita lupakan tapi secara tidak langsung itu menyakiti alam bawah sadar kita salah satu jalan sembuhnya berawal dari kita sendiri karena depresi tidak bisa dihilangkan dengan obat saja karena obat hanya untuk menenangkan kita dan supaya kita bisa tidur jika dapat obat untuk tidur dan mengalami susah tidur terapi yang bisa kita terapkan di diri kita sendiri adalah dimulai dengan berhenti mengutuk orang lain dan berusaha memaafkan dan berdamai dengan masa lalu yang memberimu rasa takut trauma penyesalan dan kesedihan karena kalau kalian belum iklas proses pengobatan untuk depresi pasti akan lama itulah kenapa kembali lagi terapi utamanya berawal dari kita sendiri semangat iya kalian kalau aku bisa kalian juga pasti bisa,0.90419443,Fear
cowok main basket sedih cewek meninggal nangis,0.755928946,Sadness
kalau aku sudah depresi sih jujur baru baru ini aja sampai nekat ingin membunuh diri sebanyak kali dan apalagi kalau sudah depresi aku muncul itu lagi aku suka banget dengan yang namanya melukai diriku,0.685994341,Trust
jika qt merasa sudah gagal menjalani kehidupan kemudian orang sekitar tidak menghiraukan qt sering menyalahkan keadaan dan terkadang merasa sedih bisa sampai menangis itu apa juga bisa dikatakan depresi,0.742781353,Sadness
aku stres karena kesepian di ejek ejek temanku putus ada dan saya mengidap batuk berdadrah,1.032795559,Sadness
ada gasih obat yang bisa ngilangin emosi ngilangin rasa sedih marah dan takut,0.832050294,Anger
mayoritas warga indonesia menganggap penyakit mental bukanlah hal yang serius untuk di tangani mereka beranggapan bahwa orang yang depresi adalah   aneh   iya sangat minim pengetahuan akan kesehatan mental terutama untuk warga yang tinggal di desa mereka sangat tabu akan penyakit mental yang mengalami penyakit mental di desa pasti akan di anggap gila di kucilkan di olok olok bahkan menjadi bahan gosip untuk itulah sangat penting pembelajaraan akan kesehatan mental khusus nya sekolah dan remaja,0.802955069,Sadness
depresi itu salah satu penyakit mental yang di anggap enteng sama masyarakat kita karena kurang nya pengetahuan soal penyakit mental bahkan stigma depresi itu kompleks,1.2,Sadness
sering tiba tiba sedih terus nangis padahal tidak tau masalahnya apa,0.603022689,Sadness
mantan suami saya depresi sudah hambir tahun,0.755928946,Sadness
lah saya tidak pernah ngomong depresi palingan saya ngomong   ahh anjing  ,0.554700196,Anger
keren banget neuron milih topik nah ini jangan pernah meremehkan gangguan mental pikiran kita memengaruhi tindakan kita setiap hari loh salah satu penyebab depresi ya media sosial nih kaya yang di bahas di channel fav kuu     inspiratips     semangat bang,0.609994281,Sadness
yang depresi mungkin sedikit banyak bisa saya bantu untuk hipnoteraphy,0.632455532,Sadness
keren banget neuron milih topik ini mental state adalah tidak a joke salah satu penyebab depresi ya media sosial nih kaya yang di bahas di channel fav kuu   inspiratips  ,0.538815906,Sadness
tolong buat pembahasan tentang depresi lebih lanjut,0.755928946,Sadness
depresi dengan gangguan kecemasan yang sudah sampai sesak nafas,0.666666667,Fear
lagi depresi karena masalah keluarga nongol ini video,0.707106781,Sadness
tahun tidak hmil2 depresi tahun ke tuhan menjawab smuany,0.666666667,Sadness
jika aku bandingkan kehidupanku di tahun dengan ternyata beda jauh coy karena di tahun awal saya hidup perfeksionis yang mengakibatkan depresi berat dan gangguan jiwa tapi di tahun akhir udah gadak lagi hal tersebut karena telah diminimalisir yeah walaupun terkadang masih membawa masalah lama yang bikin depresi tapi dengan melakukan perubahan hidup maka hidup bakalan tidak saket kepala yang bakalan menjadi mudah,0.508000508,Anticipation
aku itu depresi gara gara ditekan orang tua cuman gara gara sekolah,0.577350269,Sadness
jijik sama komen   depresi karena kurang ibadah kurang dekat sama tuhan kurang iman   ewh,0.5,Disgust
saya orang penderita depresi yang sering saya dengar ketika kita mencoba talk about that balesannya selalu sama semua halah gitu aja dipikirin itu cuma prasaanmu aja kalau kamu merasa depresi udahlah ngapain sih drama banget tuhan lebay wkwk,0.648885685,Sadness
pernah pas kelas lagi depresi banget gara gara di bully sampai mikir mau bunuh diri,0.516397779,Sadness
semua orang juga punya masalah sendiri sendiri dan semua orang bisa mengatasinya orang lain bisa mengatasinya kenapa anda tidak pakai embel embel   depresi   segala ayo jadi orang jangan lemah mental dan manja,0.514495755,Sadness
semua orang pernah merasakan stres tapi tidak banyak yang tau kalau dia sedang stres lalu ketika semakin dewasa dan belajar pikiran jadi lebih terbuka karena perasaan setiap orang berbeda sehingga beban stres masing2 orang juga berbeda jadi kalau menyamakan tingkat stres satu orang dengan orang lain itu tidak tepat terlebih masing2 orang menghadapi hal yang berbeda juga tapi apakah depresi itu terjadi ketika stres itu menumpuk dan tidak disalurkan sudah sering mendengar kata depresi tapi belum benar2 tahu,1.698415551,Sadness
depresi bisa hilang dengan sendirinya cukup jalani jangan ambil keputusan yang salah karena saya sering mengalami hal ini dan merasa muak dengan orang yang tidak dapat mengerti masalah yang saya alami dan terkadang kita harus menangis sekeras kerasnya untuk menghilangkan beban yang membuat depresi,0.603022689,Disgust
sekarang saya tanya kak depresi itu sakitnya di kepala atau di hati,0.577350269,Sadness
saya lagi depresi parah ngerasa kesepian bnget kaya bener bener lagi dijauhi orang pusing sering ketwa sendiri kadang tiba tiba sedih stres bnget,1.668115312,Sadness
saat aku mulai skripsi aku sudah mulai stress dan depresi setelah lulus kuliah sampai sekarang,0.516397779,Sadness
kunci utama biar tidak depresi setiap ke jadian atau membuat kita ssedih buang aja dari pikiran plongh,0.727606875,Sadness
aku masih sampai dengan tapi udah stres depresi karena saya kesepian terlalu banyak sekolah bosan mau ngapain dan saya dulu cengeng sekarang saya sudah tidak cengeng walaupun di dalam hati pengin banget nangis,1.044465936,Anticipation
apa bedanya trauma dan depresi,0.894427191,Sadness
ternyata selama tahun ini saya telah depresi karena saat ada kakek teman saya yang mening al saya tidak bisa merasakan yang nama nya rasa sedih,0.8,Sadness
moodnya tidak bagus dan murung tanda depresi saya bahagia dalam kesunyian i think it just perfect good to hate ppl tidak depresi sedih berkepanjangan karena suatu hal saya gelisah tidak ada alesan malem nangis sendiri tidak tau kenapa,0.973328527,Fear
tiap bangun pusing banget semuanya suram sedih,0.755928946,Sadness
aku boleh cerita sedikit aku merasakan cinta untuk pertama kalinya di umur 22th dan hubungan kita sudah 3th dan perempuan itu meninggal aku padahal apa yang dia mau aku kasih dan aku membelikan cincin untuk pertunangan kita aku sedih aku tres aku bingung aku salah apa depresi ini membuat saya ingin mengakhiri hidup aku meminum cairan pembersih wc yang aku kasih sedikit esbatu dan depresi ini menyelimuti saya selama 8bulan berjalan ini dan entah kenapa setiap aku tertidur seperti kejang kejang sesaat di saat tidur siang maupun malam hari dan buat kalian semangat kita pasti bisa melawannya kata dokter saya obat yang sesungguhnya ada di keluarga dan orang orang terdekat kalian yang selalu terbuka apapun itu terima kasih teman teman,0.63900965,Anticipation
aku dengar kalau terlalu sering main ponsel pintar atau gadget lainnya bisa menyebabkan stres dan depresi apakah benar aku ini orangnya teliti banget segalanya diperhatiin gara itu aku malah jadi sering banget mikirin kata orang sampai nangis di kamar   kenapa aku tidak bisa jadi seperti itu     aku pengin jadi seperti mereka   yah cuma agak curhat aja sih,0.51214752,Anticipation
aku merasakan sedih dan hampa kosong selama tahun apapun yang saya lakukan bahkan bersosialisasi sekalipun aku masih merasakan perasaan sedih dan hampa apa yang harus saya lakukan,0.769800359,Sadness
stres depresi dan sebagainya itu emang nyata dan yang menderitanya sangat2 butuh bantuan sedikit yang stimulasi kebahagian aja bener2 ngefek misalnya aja saya pernah lagi bad mood banget dan bakal kesel sama siapapun dan lagi tidak mau ngomong sama siapa2 tapi kemudian pas saya makan makanan enak yang tidak nyangka banget seenak itu langsung timbul bahagia seolah2 zat2 kayak serotonin dopamin tadi itu meningkat tapi sayangnya itu cuma sementara pas makanan itu habis hal itu kambuh lagi   semoga yang sedang sakit segera sembuh dan sehat lagi fisik dan mental,0.527046277,Anger
mau tidak mau kita harus hidup berdampingan dengan yang namanya depresi,0.603022689,Trust
jadi selama ini saya sudah depresi soalnya semua kriterianya saya alami,0.603022689,Sadness
apa depresi bisa sembuh sendiri minimal,0.816496581,Sadness
saya hampir murtad karena depresi,0.894427191,Sadness
hari ini depresi enxiety besok b aja,0.755928946,Anticipation
saya depresi sampai self harm hehe,0.816496581,Sadness
aku semua itu punya hampa sedih dan murung,0.707106781,Sadness
tapi kenapa setiap mulai cerita ke tiap telinga mereka juga mengaku depresi jadi saya menganggap memang semua orang mempunyai fase seperti depresi ini,0.834057656,Sadness
kenapa ketika bercerita tentang depresi kata temen malah saya kurang sholat katanya semua orang juga ngalami depresi katanya saya labil juga padahal bukan itu jawaban yang saya mau dengar,0.742781353,Sadness
kamu tidak depresi kamu kurang doa   kata ortuku dulu  ,0.603022689,Sadness
depresi aku lagi berak dituduh coli broken home,0.707106781,Sadness
lagunya suaranya nya bikin makij depresi,0.816496581,Sadness
tolong jawab pertanyaan ini usia saya tahun dan di masukkan kedalam pondok pesantren oleh orang tua saya sehari hari memang aku tidak berhenti menangis karena tidak betah tapi setelah berminggu minggu aku sudah mulai betah dan tidak nangis lagi tapi aku merasa sedih gelisah tidak semangat setiap saat entah datang nya dari mana segitu berbeda dari sifat saya saat masih sampai dengan yang selalu semangat dan sering ketawa pokoknya bahagia setelah kupikir pikir sepertinya rasa sedih gelisah serta khawatir ini bukan disebab kan karena tidak betah di pondok karena rasa sedih nya bukan datang ketika aku sedang rindu orang tua dan aneh nya lagi rasa sedih gelisah tidak nyaman gundah nya datang setiap hari sehingga aku jadi jarang bersosial dan berbicara dan menjadi penyendiri setiap hari apakah aku sedang terkena gangguan jiwa atau karena faktor lain tolong di jawab supaya aku tidak bingung lagi,0.666666667,Fear
depresi butuh orang buat curhat meanwhile ketika curhat lagi depresi kamu itu cuma kurang bersyukur kamu itu cuma kurang beriman mangkanya sholat depresi doang paling juga seminggu sembuh dan sejenisnya saran kalau emang lagi depresi curhatnya langsung ke psikolog jangan ke orang2 biasa sebagian besar mereka bakal ngeremehin dan gabegitu peduli apalagi ngebantu,1.098884512,Joy
saya sering depresi sering menyendiri tidak bisa berteman dan antisosial di bully sejak kecil saat ini saya berumur tahun dan depresi tetap terus ada dan selalu saya rasakan setiap hari,0.730296743,Sadness
suram murung muram sedih psikosomatis,0.894427191,Sadness
saya depresi gara banyak utang ingin rasanya brrhnti dalam menjalani hidup,0.603022689,Anticipation
sekarang aja yang tidak depresi ngaku nya depresi,1.414213562,Sadness
saya pernah alami 2x waktu umur 6tahun amp waktu kuliah aneh rasanya stres tanpa sebab apapun dan uniknya rasa depresi muncul ketika menjelang magrib hingga setelah isya setelah itu normal kembali om saya juga kadang depresi bedanya om saya depresi waktu tengah malam ketika tidur tiba2 terbangun dan merasa tertekan tanpa sebab selama 3jam,1.224744871,Sadness
sebuah depresi adalah mimpi buruk yang sedang saya alami di saat sekuat apapun aku mencoba untuk keluar dari depresi pasti di akhiri dengan kegagalan dan jarang sekali saya berhasil keluar dari depresi dan sekarang aku bingung mau bercerita pada siapa jadi ada yang bisa membantu saya,0.884651737,Sadness
aku di diagnosa   depresi psikotik   beraniin diri ke psikiater doain aku sembuh ya,0.516397779,Sadness
jangan depresi bro nanti kalau luw depresi saya sih gapeduli,1.264911064,Anticipation
di umur di hantam kegagalan2 jadi overthinking lelah mencoba kembali depresi dan trima kasih untuk video ini semangat semuanyaaa,0.688247202,Fear
musik nya bikin aku sedih,0.894427191,Sadness
saya sedang mengalami depresi mungkin karena setiap kesepian pasti sedih inget masa masa yang mungkin berpisah sama tunangan dibarengin sama perasaan cemas takut berlebihan ya itu lah anxiety,1.511857892,Fear
ada yang depresi badan rasanya lelah banget bawaanya pengin tidur terus,1.206045378,Anticipation
saya bingung dengan diri saya saya sedih untuk waktu yang lama dan alasanya juga hampir tidak jelas sudah itu diliputi perasaan cemas apakah yang saya lakukan sudah benar dimata orang lain perasaan sedih dan cemas menemani hariku selama bertahun2 belakangan ini sampai berpikir mungkin mati jawabanya karena siksa neraka membuatku tetap waras dan mencegah saya bunuh diri tapi lama kelamaan semakin kosong aku tidak tau sampai kapan aku tetap waras,0.956182887,Fear
tidak ah tidak depresi masalalu tidak di bisa dirubah masadepan tidak khwatir hanya berusaha,0.534522484,Sadness
jangan mudah menganggap diri kalian depresi karena belum tentu kalian merasakan apa yang sebenarnya disebut depresi hati2,0.9701425,Sadness
cerita ke temen tentang depresi eh di bilang alay,0.666666667,Sadness
depresi kuliah padahal masih maba,0.894427191,Sadness
bg kalau setiap waktu depresi itu nama nya apa,0.666666667,Sadness
saya depresi gegara ada citer yang nongol di ini game,0.632455532,Sadness
kadang bingung sebenarnya perasaannya kayak gimana soalnya kadang suka senang marah sedih sendiri,0.554700196,Anger
depresi itu pas evos tidak masuk m3 bang,0.707106781,Sadness
saya sudah tahun lebih depresi tapi sekarang membaik sih tidak seperti tahun kemarin,0.554700196,Sadness
cuma stres lose streak aja,0.894427191,Sadness
lagi sad depresi tiba yt rekomendasi ini ini,0.707106781,Sadness
sedang di posisi ini udah kuat nahan nangis tiba tiba ditelpon ibu ditanya   kamu sehat kan di sana   langsung nangis kejer tidak tau kenapa hidup sekarang hampa tidak sedih tapi tidak senang juga kehidupan berjalan dengan baik tapi entah kenapa ngerasa capek banget padahal tidak ngapa ngapain lagi belajar tiba tiba nangis kadang pengin bunuh diri dan menghilang dari dunia ini di tempat ramai tapi ngerasa kesepian ngerasa semua orang ngejauhin ngerasa otak berpikir terlalu keras kadang sampai nyakitin diri sendiri demi melampiaskan rasa hampa dan sedih yang sedang di alami bisa mengerjakan kegiatan sehari hari seperti biasa tapi tidak ada perasaan atas hal yang dilakukan hanya hampa,0.572077554,Joy
kadang orang yang depresi butuh uang buat ke psikolog seperti saya yang pengin curhat,0.534522484,Anticipation
tidur berantakan malam jadi siang dan sebaliknya males ketemu banyak orang pengin sendirian terus gapengen ngelakuin apa apa selain baring di tempat tidur kalau ada yang nyenggol dikit maunya marah marah dan meledak ledak melukai diri sendiri karena merasa udah tidak ada artinya sempet ngalamin itu sebulan yang lalu berjalan selama minggu tapi masih tetap mikir kalau itu stres biasa karena ada masalah di tempat kerja yang buat saya harus resign akhirnya sekarang udah jauh lebih baik dan aktifitas lagi eh justru nemu penjelasan ini,0.542326145,Anger
aku tidak tau kenapa tapi aku itu yang jelas depresi dengan hidup,0.577350269,Sadness
kak aku barusan sedih benar,0.894427191,Sadness
baru baru ini sering banget tiba tiba ngerasa sedih sedih banget gitu dada sesak nangis banget tapi padahal sebelumnya tidak mikirin apa apa tidak ada masalah apa apa dan ini terjadi beberapa kali mau nanya ke siapa juga bingung,0.640512615,Sadness
tolong ya supaya kita semua sehat mental jangan pernah ngomong ke siapapun itu baik odgj maupun orang biasa kalimat kalimat seperti   jangan sedih     jangan marah     jangan takut   kita sering dengar tentang emosi negatif dan emosi positif padahal tidak ada yang namanya emosi positif dan negatif setiap emosi punya fungsinya masing masing yang ada negatif dan positif itu cara mengekspresikannya kamu sedih terus nangis wajar kamu sedih malah bikin males makan dan tidak mau makan apapun itu salah,1.20740686,Anger
tidak enak banget depresi d,0.894427191,Sadness
entah mengapa kalau saya selalu suka lelah padahal baru saja keluar rumah sudah merasa lelah dan ingin tidur lagi dan entah mengapa saya bisa sedih tanpa sebab dan merasa hampa dan merasa kesepian dan saya suka overtaking dan suka sedih terhadap hal   sepele dan berharap kepada orang yang selalu menyakiti saya setiap detik dan waktu namun entah mengapa saya masih selalu menginginkan nya minta saran harus ngapain yah,1.083472678,Anticipation
bang kalau sering takut merasa kaya dunia ini sunyi apakah itu depresi,0.577350269,Fear
sedih nontonnya inget orang yang aku kenal yang didiagnosa depresi dan gad berharap bisa selalu nyimak apa yang dia ceritain tapi udah jarang komunikasi mau negur dan ngajak bicara takut salah ngomong berharap bisa bantu lebih daripada itu makanya kalau ketemu sekali waktu cuman aku peluk aja,0.583459966,Fear
padahal saya masih sampai tapi sudah depresi wajar tidak saya takut tidak bisa mengatasinya,0.534522484,Fear
huhuu ngeri banget timline yt tau aja akunya lagi depresi hiks  ,0.577350269,Fear
orang yang depresi biasanya tidak sadar disaat mereka mulai sadar pasti selalu ditepis dengan pemikiran   aku tidak depresi aku baik   aja   but kamu tidak fine i know sulit banget bagi orang depresi buat dapat perlakuan dan dorongan buat sembuh karena menurut orang lain depresi itu dianggap gila depresi itu aib dan kamu pasti merasa sendiri mulai menarik diri dari dunia sosial karena takut dengan judgenya orang   bahwa kamu itu depresi artinya kamu gila but remember kamu tidak gila kamu tidak alone kamu strong kamu brave kamu pasti mampu sembuh karena kamu itu special,1.218415398,Fear
ada tidak disini yang kalau lagi capek depresi dengerin lagu magic shop,0.577350269,Fear
saya tidak tau ini depresi atau tidak saya sudah tahun ini nangis diem2 saat semua tidur kadang emak sampai nanya kenapa mata kamu sembab ya cari alasan kadang lagi ketawa sama temen tiba tiba nangis dulu pernah pengennya kumpul sama temen sekarang sedikitpun tidak ada niat padahal kesepian rasanya mau nyerah terus tapi masih takut tuhan,0.668153105,Fear
anaknya depresi orang tua kurang ibadah,0.816496581,Sadness
pernah mengalami depresi sampai pernah memutuskan mengakhiri hidup 4x mengalami percobaan bundir karena depresi yang terus menerus tidak ada yang mau dengerin saya dkucilkan keluarga bahkan dianggap tidak ada,0.742781353,Fear
iya bang saya dulu pernah depresi gara   ada masalah orangtua dirumah saya selalu menyendiri jarang ikut kumpul orang   tidak banyak bicara dan saya pun pas waktu depresi itu saya marah   sangat marah apa yang ada didekatku saya banting saya lempar bang dan saya berteriak dihutan biar lega dihati alhasil apa zonk bang terus saya berniat berwudhu terus menjalankan yang apa disuruh tuhan swt yaitu sholat dan berzikir dan berdoa alhasil alhamdullah depresi dulu sampai sekarang udah hilang sekarang udah tidak lagi bang,0.650791373,Anger
depresi bisa bikin depresi obatnya juta an kemaren habis sampai belasan juta di di dari kampus anti sosial nggapunya temen,0.894427191,Sadness
kalau tidak sedih pas bapa meninggal itu gimana soal nya udah usaha nangis tidak bisa juga,0.5,Sadness
terkadang depresi muncul karena orang terdekat seperti keluarga misalnya,0.666666667,Sadness
kalau lagi depresi gimana cara hibur tmn,0.755928946,Sadness
saya heran sama bocil2 yang suka ngaku2 depresi biar dapet perhatian padahal depresi itu bukan buat main2,0.9701425,Sadness
di tahun aja 6jt mengidap depresi apalagi taun sekarang,0.666666667,Sadness
buat yang bilang depresi cuma rasa sedih kalian tidak tau rasanya pengin mengakhiri hidup,1.069044968,Anticipation
ya kali jawab nya lagi   depresi nih   tidak pernah itu gitu wkw,0.534522484,Sadness
kita beda bro kamu ngocok karena sange saya ngocok buat hilangin stres,0.577350269,Sadness
banyak orang2 yang koar2 di publik kalau mereka punya depresi tapi nyatanya tidak begitu malah yang benar2 punya hampir tidak pernah di utarakan kata   depresi   itu sebenarnya tidak segampang itu,0.707106781,Sadness
apakah anak kecil depresi itu drama doang,0.755928946,Sadness
aku sampai s1 aku depresi saat di tengah ujian penengahan apakah itu berlangsung lama,0.534522484,Sadness
aku hampir masuk di antara sarat depresi malah selama tahun inih saya hanya tertawa jika melihat orang yang menderita itu saya malah pengin ketawa terbahak bahak tapi saya selalu menahanyh apa depresi bisa di sebuhkan,0.676123404,Anticipation
aku tau aku telat nonton ini but buat yang depresi lagi sedih jangan nyerah jangan kebanyakan sedih lagi ya masih banyak kesenangan lain yang belum kamu rasain aja usahain buat cerita ke orang terdekat jangan di pendam sendiri lt,0.960768923,Joy
minimal saya mau nanya dong apakan ketika kita merasa trauma akan suatu kejadian seperti pelecehan sexual dan kesepian dan lain   mirip2 serti yang di video itu bisa di sebut depresi tidak,0.707106781,Sadness
depresi dalam mta orang edgy sikopey brokn hom,0.707106781,Sadness
gea depresi dan udah ngerencanain mau bunuh diri besok senin,0.632455532,Anticipation
kenapa anak anda merasa stress atau depresi ponsel pintar dahlah,0.632455532,Sadness
rasa cemas dapat bersifat normal dalam situasi yang menegangkan misalnya berbicara di depan umum atau mengerjakan ujian   rasa cemas hanya indikator penyakit jika perasaan menjadi berlebihan menguras tenaga dan pikiran serta mengganggu kehidupan sehari hari   inilah yang tidak di pahami dari kebanyakan orang orang di sekitar kita,0.714285714,Fear
saya si tidak kayanya saya jarang sedih,0.755928946,Sadness
orang lain depresi dipeduliin saya depresi   ah alay bet kamu jadi orang gausah banyak drama kamu  ,0.942809042,Sadness
di bully bertahun tahun bisa bikin depresi kah,0.707106781,Sadness
depresi yang sering ada di saya tugas sekolah,0.707106781,Sadness
berhenti bilang kepada orang yang depresi kalau dia cuma kurang ibadah,0.603022689,Sadness
aku di diagnosis sama psikolog anxiety dan depresi sedang lambat laun bener bener ganggu aktivitas mau ngerjain skripsi aja susah banget bisa kurang tidur bisa kelebihan tidur terkadang mau keluar dari pikiran pikiran ini selalu susah semoga teman teman yang mengalami hal yang sama sepertiku bisa dapat dipermudah dan menemukan solusi semangatt teman teman,0.816496581,Fear
jadi selama ini aku depresi,0.894427191,Sadness
my family u just need berdoa masih kecil tidak mungkin depresi,0.603022689,Sadness
yang banyak di indonesia kalau liat orang depresi malah di bilang ih lebay atau buat mereka makin depresi dengan   eh kamu mending   atau   ah gitu aja     kamunya sih yang kurang gini kurang gitu   yeah intinya lingkungan orang tocxis bikin penekanan jadi depresi,0.866025404,Disgust
kalau seseorang memendam rasa sakitnya sendiri apakah termasuk depresi,0.666666667,Sadness
dari tahun sampai sekarang moodku turun naik ngerasa hidup kosong tidak punya temen nolep kadang tiba tiba tremor cemas tidak tau kenapa takut keramaian dan malem susah tidur apa itu gejala depresi,0.883883476,Fear
ada yang bisa tolong aku sepertinya aku sedang depresi,0.666666667,Sadness
kurang gambalng pas jelasin depresi penjelasan terlalu meliuk2 bikin depresi,1.264911064,Sadness
aku pernah depresi pas aku umur tahun rasanya gimana gitu sedih mulu,1.154700538,Sadness
aku lagi sedih kucing saya mati nama nya mila dia udah umur tahun,0.554700196,Sadness
depresi yaitu gangguan jiwa pada seseorang yang ditandai dengan perasaan yang merosot seperti muram sedih perasaan tertekan,0.9701425,Sadness
tapi kalau penderita depresi yang udah tidak mau punya koneksi dan tidak mau ketemu sama orang orang terdekat sampai ngurung diri sendiri itu gimana yah terus kalau penderita depresinya tipe yang di deketin tapi malah jauh atau semakin curiga gitu gimana yah ada depresi sampai tidak mempermasalahkan nyawa atau tidak masalah kalau mati atau bundir ada tidak,0.529812943,Sadness
sebenarnya akhir akhir ini aku tertarik dengan topic d i s t i m i a dari apa yang aku pahami distimia itu depresi berkepanjangan minimal tahun tapi apa distimia dan depresi itu berbeda,0.685994341,Sadness
saya membutuhkan pertolongan saya merasa sedang ada di fase depresi,0.632455532,Sadness
tapi saya lebih sering terasa   kosong   daripada sedih apakah saya emang betul   depresi,1.0,Sadness
hadeh saya fiks lagi depresi,0.894427191,Sadness
admin saya ini tidak tau apakah saya depresi atau gimana saya tidak ada keinginan melakukan kegiana aktivitas sehari   badan rasanya selalu cape padahal tidak ngapa   ini susah tidur kalau malam padahl tidak mikirin apa   hati rasanya sesak tidak tau kenapa pengin nangis terus tidak tau sebabnyaa lelah aja gitu kenapa ya minimal minta solusi minimal capek gini terus,0.51214752,Anticipation
video ini di buat sebelum kita mengenal covid sekarang jaman pandemi gini banyak banget yang depresi,0.5,Trust
penderita depresi 6jt orang sekarang,0.894427191,Sadness
sedih banget saya mengalami fase ini setelah seseorang membully saya rasanya sedih kecewa tidak ingin kesekolah ingin mengurung diri saya baru tahu yang saya alami adalah depresi selama bulan disekolah saya tidak pernah bersemangat nilai saya pun sempat turun drastis tapi setahun kemudian saya bertekad agar menghilangkan depresi tersebut teman saya takut pada yang membully saya mereka hanya mendukung dibelakang untungnya saya bisa menguatkan hati dan sekarang fase depresi tersebut sudah terkurangi semenjak tidak sekelas dengan yang membully saya hati saya sangat ringan,1.0976426,Fear
siapa yang depresi setiap hari dijauhi teman kakek nenek meninggal bibi meninggal merasa kesepian ketka diluar ketawa terbahak bahk bercanda di dalam sedih kesepian bersalh trauma,1.568929081,Disgust
saya lagi depresi berat dan baru kali ini youtube merekomendasikan video ini setelah setahun,0.534522484,Sadness
susah tidur tidak napsu makan suasana hati tidak jelas tidak bisa bergaul sama orang selalu pengin sendiri dab selalu berfikir buat bunuh diri termasuk depresi atau capek mental,0.755928946,Anticipation
kalau gampang depresi jangan tinggal di indonesia depresi malah di ruqyah ya tambah depresi,1.603567451,Sadness
saya aja seumur hidup saya sampai sekarang depresi yang penting semangat hidup aja,0.554700196,Sadness
gimana ya cara orang bisa tidak depresi lagi,0.707106781,Sadness
jangan sedih doang gitu aja sih terkadang bisa menghilang dengan ngejoke saya pernah juga,0.534522484,Sadness
mungkin banyak sedih dan ketidak mampuan untuk hidup atau mungkin kurang nya perhatian dari seseorang,0.516397779,Sadness
alasan aku depresi karena aku malu sama masa lalu saya yang terlalu memalukan,0.554700196,Sadness
benarkah orang depresi tidak selalu terlihat murung atau sedih bahkan ada yang menutupi dengan keriangan candaan seperti banyak artis2 hollywood yang bunuh diri itu,0.816496581,Sadness
di tempatku depresi di anggap alay,0.816496581,Sadness
lalu minimal setiap kali kita merasa sedih lalu kita selalu mencoba menghibur diri sendiri dengan melakukan hobi kita atau nonton film komedi agar sedikit dapat melupakan kesedihan yang dialami apakah itu langkah yang tepat dapatkah kesedihan yang mendalam yang secara terus menerus dirasakan dapat menyebabkan depresi,0.589767825,Sadness
kata orang tua saya depresi itu orang gila di jalanan v,0.603022689,Sadness
kok saya malah sedih ya wkwk,0.816496581,Sadness
berarti saya sudah sekitar tahun depresi semenjak lulus kuliah,0.666666667,Sadness
halo admin neuron bahas gangguan cemas gad dong,0.707106781,Fear
temen saya depresi kalah push rank,0.816496581,Sadness
entah kenapa saat kesepian aku selalu melihat cermin dan merasa senang walaupun itu hanya pantulan,0.516397779,Joy
hah kalian sedih jangan sedih kawan nah eskrim buat kao edit dan ingat kawan dia cuman ngejelasin apa itu depresi dan dengan senangnya orang komen panjang panjang cuman buat adu nasib bodoh,1.060660172,Joy
saya sangat sedih setiap hari,0.894427191,Sadness
saya depresi tapi saya b aja,0.816496581,Sadness
kak kalau kita merasa campur aduk antara sedih sepi ataupun merasa aneh dengan perasaan sendiri apakah ini termasuk depresi,0.917662935,Sadness
saya kok bahagia saat depresi ya hahahah,0.755928946,Joy
saya kira sedih yang bener bener sedih banget,1.414213562,Sadness
ternyata banyak yang depresi di kolom komentar,0.755928946,Sadness
depresi banget kena body shaming sama keluarga sendiri,0.707106781,Sadness
saya depresi nonton anime animenya sad ending saya makin depresi,1.264911064,Sadness
serius tanya ngurung diri nangis gajelas gasuka keramaian banyak omong kalau ketemu orang yang menurutnya cocok tapi kadang diam juga takut ketemu orang lain tidak bisa tidur tenang gasuka melakukan hal2 lain mood2an dalam sekejab udah murung apa hal tersebut bisa di klaim depresi menurutku depresi tidak bisa d selamatkan itu bukan karena tidak ada obatnya hanya orang lain terlalu menyepelekan penyakit ini makanya orang yang depresipun tidak bisa di sembuhkan karena orang lain bersikap menyepelekan dan tidak bisa mengajak yang depresi merasa aman orang depresi butih tempat cerita dan orang yang mendengarkan bener2 ngedengerin biarpun si orang yang dpresi ini tidak tau perasaannya sebenarnya sedang merasa apa hanya butuh tempat curhat dan jawaban2 yang sesuai tidak nyakitin hati kadaang menyarankn untuk ke pskiater termasuk menyakitkan juga,0.798620858,Fear
apa perbedaan depresi dengan skizofrenia,0.894427191,Sadness
depresi itu bener2 suram dan rumit saya didiagnosa mengalami depresi pasca perselingkuhan fisik dan mental benar2 habis tiba2 menangis di situasi normal dan lain lain hari tidak tidur tanpa sadar cenderung menyakiti diri sendiri rasa bersalah berontak merasa orang lain selalu membicarakannya tanggung jawab yang besar untuk menjalani hidup sebagai manusia normal intinya dinding tebal itu benar2 harus dihancurkan ada orang yang bisa menghancurkan dindingnya sendirian ada yang benar2 butuh orang lain dan dari riwayat itu tanpa disadari saya ternyata depresi,0.888888889,Sadness
sepertinya saya lagi depresi tapi sepertinya orang depresi membantu orang yang depresi itu adalah ide yang tidak buruk juga v,1.341640786,Sadness
bilang tapi cuman dianggap halah tidak mungkin aku lebih depresi yang seharusnya depresi bukan kam tapi aku kata merka,0.917662935,Sadness
orang depresi cuma butuh didengarkan tidak minta pendapat andai orang paham soal ini dan tidak tertawa seakan akan masalahnya sepele bilang kurang bersyukur kurang iman dan sebagainya kita manusia biasa yang bisa jatuh mentalnya kapanpun itu jangan samakan dengan yang derajat keimanannya lebih tinggi beda kita bukan manusia seperti itu jangan munafik lah akui saja jika imanmu lemah maka kamu lebih sering kesepian,0.503952631,Joy
wah saya depresi sudah lah,0.894427191,Sadness
orang tua saya suka bilang kalau depresi itu orang gila terus harus masuk rumah sakit wha,0.5,Sadness
obat dari gejala depresi ya nyabu,0.816496581,Sadness
siapa disini yang depresi sampek pengin mati,0.755928946,Anticipation
depresi itu ketika kita punya pikiran seperti ini aku harus mati jika aku tidak sukses,0.774596669,Sadness
jika si a merasakan sedih yang mendalam namun tidak ada alasan untuk sedih apakah itu gejala depressi,0.9701425,Sadness
sebagai orang yang pernah mengalami depresi aku tau jelas gimana rasanya kami yang mengalami depresi butuh dorongan butuh tempat mengatakan bukannya solusi yang bersifat meremehkan dan tidak perduli meskipun kalian tidak mau memberikan saran dan dorongan cukup dengarkan kami merasa lebih baik ketika usai menceritakan dan diantara banyak orang didekat kami kami akan memilih satu sebagai orang yang paling kami percaya buat kamu yang masih terjebak dalam lingkaran hitam depresi semua bakal baik baik saja everything gonna be ok tidak perlu takut buat terbuka sama orang yang kalian percaya aku juga pernah mengalami tidak perlu takut ayo bangkit berdiri aku disamping kamu temenin kamu jalan dan bangkit tidak masalah kalau lelah kita istirahat oke semangat,0.742781353,Fear
aku tidak suka hidup di kehidupan sosial sih aku sering cari teman atau sahabat online yang selalu ada buat aku aku emang kesepian terus baru nyari sahabat bentar udah hilang terus bagi aku sahabat aku yang sangat membantu aku justru aku suka nangis sendiri nyakitin aku dengerin lagu tapi pertanyaannya itu termasuk gejala penyakit depresi tidak,0.534522484,Fear
dulu pernah berobat ke psikiater sambil menunggu dokter nya datang eh perawat nya pada bilang n liat nya seperti aneh gitu ke saya mereka juga bilang   heh stress bawa senang2 aja banyakin brsyukur   kebetulan mmh juga nemenin terus ikut2an ngeiyain kata perawatnya mereka tidak ngerasain aja gimana rasanya depresi cuma ngejudge liat luarnya doang sedih sih ya rasanya masih banyak yang tidak peduli depresi cuman dianggap   lemah kurang bersyukur iman tidak kuat   istilag kasarnya   mengada2 supaya diperhatiin   doang padahal aah shit susah bilang nya,0.632455532,Anger
banyaknih anak2 tahun self diagnose depresi tapi kenyataanya mereka cuman males tiap hari main game terus pas dimarahin orang tua pasang status wa   pengin mati hidup kayak gini amat     broken home   taik lah yang benar depresi aja tidak berani kayak gitu malu maluin umat kamu,0.571428571,Anger
saya depresi karena j2 prime,0.894427191,Sadness
aku sedang depresi tapi aku hanya bisa fake smile senyum fake itu,0.577350269,Sadness
kalau di indonesia depresi dibagi menjadi tingkat severitas berdasarkan ppdgj pedoman penggolongan diagnostik gangguan jiwa tingkat severitas ini dilihat dari seberapa besar pengaruh depresi ke aktivitas sehari hari jadi kalau belum berdampak mungkin masuk ke kategori ringan intinya adalah siapapun yang merasa depresi jangan didiamkan coba cari bantuan atau telpon lalu klik pandemik seperti ini dapat membuat orang orang lebih mudah depresi untuk para lansia depresi juga bisa disertai dengan keluhan somatik rasa pegel nyeri tidak enak badan,1.132277034,Sadness
pasti setiap hari saya depresi,0.894427191,Sadness
ketika ada yang bilang depresi malah dibully miris,0.707106781,Sadness
kadang kebanyakan orang disosmed sedih dikit aja udah bilang depresi lah pengin suicide lah padahal banyak hal positif yang bisa dilakukan dan masa depan mereka itu cerah,0.769800359,Anticipation
aku ngalamin depresi mungkin udah sekitar atau tahun ini cuma tidak pernah ngomong ke orang tua dulu pernah coba ngomong ke orang tua tapi malah responnya   ngapain depresi2 dikeluarga kita tidak mengenal depresi   jadi waktu itu pernah ngalami depresi parah sekitar minggu dan selama minggu itu aku insom sampai tidur jam atau pagi tidak selera makan tiap malem nangis tiba   merasa tidak berguna ngata2in diri sendiri mood naik turun alhasil berat badan turun drastis dan iya itu depresi terberat dan terburuk yang pernah kualami ya,0.959403224,Sadness
dan apa jadinya bila yang menonton video ini adalah yang menderita depresi merasa tersentuh menyedihkan terharu,0.5,Sadness
saya malah percaya ganja bisa jadi obat buat depresi,0.666666667,Trust
banyak yang ngaku depresi padahal sebenarnya cuman sekedar sedih biasa atau capek sama kesibukan mereka bukan karena depresi benar dan yang mengklaim dirinya depresi pun bukan ahli kejiwaan melainkan karena self diagnosa saya bingung sama orang seperti itu yang benar depresi aja tidak suka dengan situasi depresi itu dan ingin sembuh lah ini normal ngaku depresi berlindung di balik self diagnosa nya malah,1.763834207,Anticipation
ingin bertemu dengan professional tapi dana belum ada ketika mencari pertolongan ke teman selalu tidak jadi karena tidak mau merepotkan mereka pemikiran2 buruk setiap hari membuat sakit kepala dan bahkan tangan menjadi tremor setiap kali menahan menangis perasaan ketakutan terus mengganggu takut akan segala hal saya tidak tau apakah ini depresi atau bukan karena saya tidak mau sampai depresi,0.520755644,Fear
beda kamu ya stress sama depresi,0.816496581,Sadness
gimana ya saya tidak mau nge self diagnosis diri saya sendiri itu depresi karena depresi itu tidak main main tapi dari tanda tanda nya itu tetap aja ngarahnya ke sana saya pikir pikirin lagi apa yang salah sama diri saya baliknya salah saya juga,0.603022689,Sadness
depresi itu berawal dari penolakan kita terhadap suatu energy kejadian yang tidak sesuai keinginan sehingga kita kehabisan tenaga untuk terus menolaknya padahal jika di terima saja justru mental akan semakin kuat dan sehat berpikir jadi lebih mudah tidur terasa nyaman makan lebih nikmat wajah awet muda intinya apapun yang telah akan terjadi belajarlah untuk menerimanya karena kekuatan mental kita terbentuk melalui kerasnya tekanan masa masa sulit seperti itu menciptakan pikiran yang kuat,0.707106781,Trust
saya termasuk bagian dari depresi,0.894427191,Sadness
buat yang lagi depresi buka lah mata kamu dan lihatlah dunia berkumpulah bersama orang2 dan bercandalah bersama mereka buat lah dirimu tertawa dan bahagia i know it s hard but i know kamu bisa di it cause u r spesiallll jangan pernah merasa kesepian putus ada dan sedih ya karena itu akan membuat kamu semakin terpuruk buat lah dirimu santai anggap lah diri kamu bahagia walau tidak karena itu akan membuat kamu merasa lebih baik i kamu feel bad kamu bisa tell saya d im siapa to listen kamu komen dan i wanna be kamu friend so tetap mangattssss ikutilah kemana angin menghembuskan kamu jika badai datang beristirahat lah dan bangkit lagi ketika badai telah berlalu,0.554700196,Trust
akhirnya sudah tau penyebab waktu itu kaya sedih terus selama atau minggu setelah nenek meninggal,0.516397779,Disgust
bisa tidak sih orang depresi tapi dia tidak sadar,0.666666667,Sadness
apakah cinta mampu menyelamatkan seseorang dari depresi,0.755928946,Sadness
saya depresi karena penyakit adakah yang sama,0.755928946,Sadness
saya cerita tentang orang yang bunuh diri karena depresi ke emak saya eh malah dibilang itu mah kurang iman aja dia tidak ngerti mental orang beda2 saya aja depresi berat karena sering dibully dikucilkan saudara sendiri boke kehilangan pekerjaan rasanya pengin cepat pergi dari dunia ini lalu bereinkarnasi menjadi kebalikan dari semua ini,0.68680282,Anticipation
disini depresi auto dakatain anak nolep kan ajg,0.707106781,Sadness
saya yang lagi depresi dan teman temanku cuman bilang semangat doang padahal itu doang tidak cukup,0.5,Sadness
apakah keluhan yang seperti ini salah satu ciri2 depresi pendengaran menjadi kurang jelas lemot dalam berfikir kalau bicara suka tidak fokus suka nangis tiba2 susah tidur,0.588348405,Sadness
orang orang banyak orang yang salah kaprah antara depresi dan frustasi miris,0.577350269,Sadness
depresi boleh bunuh diri jangan,0.894427191,Sadness
depresi karena lupa tuhan ingatlah selalu sang pencipta tidak ada kata depresi dan dmanapun ingat biar kamu beruntung,0.942809042,Sadness
pada dasarnya depresi itu terbagi menjadi dua bagian yaitu depresi reaktif dan depresi endogenus saya membaca buku dengan judul coping with depression karya j maurus,1.2,Sadness
sangking depresi w mau bunuh diri uyy v,0.707106781,Sadness
kesehatan mental memang tidak bisa diremehkan anda harus segera mengunjungi psikiater saat kita mengalami depresi kita memang sangat membutuhkan teman yang siap mendengarkan cerita kita karena itu akan membuat kita merasa lebih baik nah bagi teman teman yang sedang dalam keadaan susah dan sedih sehingga mengalami depresi saya siap menjadi pendengar yang baik bagi kalian bagi yang ingin bercerita dan curhat bisa kalian katakan pada kolom komentar saya saya akan membaca dan memahami masalah kalian sehingga itu membuat kalian merasa lebih baik salam sehat tetap semangat dalam menjalani hidup walaupun dalam keadaan covid ini iya tuhan yesus memberkati,0.707106781,Anticipation
semua tanda tanda depresi ini mirip seperti diri saya,0.666666667,Sadness
saya depresi dan saya tidak tau harus apa fuckkkk this fucking moment pices shit ashole,0.516397779,Anger
kalian bilang kalian depresi sehingga kalian tidak sadar kalau kalian self diagnose,0.577350269,Sadness
saya depresi malah di ktwain dan di bercandain oleh keluarga saya,0.603022689,Sadness
aku anak depresi ya mungkin karena diri saya sendiri biang masalah dan orang tua saya tidak pernah belain aku aku murung dan hampir nangis   apaan sih cemberut bikin kesel aja deh sok depresi lah sok ini lah lebay jijik aku lahirin kamu   dan aku selalu ngerasa mamah papah sayang nya cuman pada adek pertama saya,0.529812943,Anger
kritea depresi yang ke saya tidak ngalamin tapi selain kritea kedua saya ngalamin saya tidak pernah nujukin kalau saya sedih karena pasti saya akan di bilang cengeng lebay banyak yang lebih dari kamu depresi seperti di anggap remeh padahal tidak sama sekali fake smile sudah biasa buat kalian yang mengalami depresi semangat yah mereka tidak tau gimana rasa sakit kita,1.032795559,Sadness
aku kemarin ke psikolog lalu di beri obat anti depressan sama obat penen di biar tidak cemas sama mudah tidur fluoxetine sama clobazam tapi aku masih bingung diminum apa tidak menurut kalian gimana,0.522232968,Fear
aku mungkin bukan depresi aku hanya cape hidup disekitar orang yang tidak mengerti aku mempedulikan aku selalu disalah kan terkadang aku bingung apa aku gunanya aku hidup di dunia ini aku lelah aku ingin seperti anak anak lain yang hidup bahagia aku sudah menemukan kebahagian aku sendiri tapi kebahagiaan saya itu membuat orang orang disekitar saya semakin membenci saya aku lelah,0.51214752,Joy
sering banget kalau orang depresi sudah pgn mati sudah tidak kuat sudah pgn nyerah orang   bukannya nge support malah bodoh amat nganggapnya cuman bercanda dan pasti yang bener bener depresi itu terkadang selalu tidak dianggap sedangkan yang pura   depresi dapet banyak empati saya bener   bingung sama manusia yang acting dikasi empati yang bener   diabaikan maunya apasi kita orang   depresi cuman pengin didengerin diperhatiin dianggap dan bukan diabaikan bahkan sampai di bully ada yang dengar pun cerita kita mereka malah bilang   dekatkan diri ke tuhan     rajin ibadah biar tenang     kamu kurang iman coba deh ibadah   justru itu penyebab kita tidak beriman adalah depresi bukannya kurang iman menyebabkam depresi please ngertiin dong kita cuman pengin diperlakukan selayaknya bukan diabaikan,1.060660172,Fear
kalau aku depresi dan marah biasa nya mukul kepala sendiri this adalah real,0.554700196,Anger
kak mau tanya ini termasuk depresi tidak sifat berubah yang awalnya pecicilan sama bawel jadi suka diem dan bengong selalu kepikiran masalah merasa kesepian padahal banyak orang merasa tidak guna merasa bersalah soalnya aku ngalamin itu,0.666666667,Sadness
saya selalu merasa sedih dan sangat sedih sekali sering sekali mencoba untuk bunuh diri di saat melakukan itu saya teringat seorang ibu sayang sama aku,0.8,Sadness
bagaimana sendiri keluar dari depresi bertahun tahun,0.755928946,Sadness
bang saya pernah sedih banget,0.894427191,Sadness
ternyata selama ini aku benar benar depresi padahal dulu aku anaknya ceria sekarang semenjak masuk sampai aku jadi seperti sekarang pendiam suka sedih sendiri kadang aku sering menganggap pena atau barang yang lain itu hidup dan bicara dengan benda yang aku pegang,0.6172134,Sadness
depresi karena tidak ada yang peduli,0.816496581,Sadness
gimana nih aku ngalamin depresi takut sama setan dan takut mati gimana ini penjelasanya,0.534522484,Fear
aku anak tunggal broken home mamaku tidak kerja aku menghidupi ibu amp nenekku bayar listrik makan uang obat nenek 5juta bayar hutang mamaku 1jt karena saya kerja diluar kota aku kos 700rb belum makan sebulan aku 500rb bensin 100rb bulan aku sehari kerja 2x jam 9pagi 7malam di kantor jam 9malam 2pagi jadi spg flyer di bar hidupku susah aku depresi tapi terkadang keadaan keluargaku bikin saya down aku pernah ke psikiater katanya aku Cuma butuh istirahat kalau saya istirahat bill bulananku tidak bisa kebayar aku tidak bisa nabung aku tidak bisa beli rumah impian kadang pengin mati tapi saya tidak bisa ninggalin ibu amp nenekku apakah ada solusi,0.6704784,Disgust
pernah tidak sih udah keluar dari depresi dateng lagi yang lebih berat jujur nih saya dulu depresi tapi tidak berani nyayat diri entah berani dari mana saya yang sekarang malah biasa aja buat nyayat diri saya mau minta tolong tapi tidak tau apa yang mesti ditolongin sesek banget cape,0.571428571,Sadness
depresi karena orang yang sering komen l0g1n itu gimana v,0.632455532,Sadness
kunci depresi yaitu   santai amp positif thinking  ,0.666666667,Sadness
aku depresi sampai tidak naik kelas dan itu tambah membuat depresi sampai sekarang pun masih dan sekarang lagi2 aku ada masalah yaitu di keluarin dari sekolah aku sebagai guru waktu itu karana terlalu depresi aku jadi tidak bisa melakukan aktifitas berat dan berantakan jadinya di keluarin too tidak apa apa yang penting selagi tuhan masih ada buat kita itu tidak masalah,0.76822128,Sadness
ternyata selama ini saya depresi ya,0.816496581,Sadness
aku tidak tau aku depresi atau tidak tapi gejalanya hampir mirip semoga tidak,0.554700196,Anticipation
pernah dengar cerita seorang gadis berumur 14tahun yang depresi lalu bunuh diri di apartemennya dari lantai sambil melakukan langsung streaming di akhir langsung streamingnya dia berkata tertawa tertawa tertawa edited saya depresi dan tidak ada yang mau mendengarkan saya,0.640512615,Sadness
saya suka minder ktemu orang banyak terutama keluarga karena saya belum kerja terus saya itu sekarang lebih sensitif terhadap omongan orang apa itu depresi,0.612372436,Sadness
buka ini gara2 udah berniat bunuh diri nngis capek stres,0.632455532,Sadness
kdng ngerasa sendiri padahal di tempat rame emosi sedih kdng timbul secara mendadak dari sampai sekarang masih punya pikiran mau mati,0.872871561,Sadness
lagunya loh bikin orang depresi tambah depresi merasa kosong gitu lagunya,1.206045378,Sadness
terkadang cerita sedih kita didengerin aja itu udah obat terbaik yang pernah saya rasakan tapi setiap curhat orang ngeremehin lah selalu nganggap rintangan orang depresi ringan lah padahal semuanya tidak se sederhana itu,0.696310624,Fear
aku baru saja di diagnosa setelah memberanikan konseling dengan psikolog rasanya sedih ketika tahu ternyata selama sebulan perubahan mood yang drastis dan kesedihanku berarti aku mengalami depresi tapi sisi baiknya aku merasa beruntung karena ini masih depresi ringan dan aku jadi tahu apa yang sedang terjadi dalam diriku aku sangat menga di kalian yang sedang merasa ini dan sudah menonton video ini merasa diagnosanya tepat jangan self diagnosed setidaknya kalian tahu kalian sedang tidak apa apa jadi segeralah cari pertolongan profesional aku akan memulai terapi minggu depan semoga dilancarkan ya,0.632455532,Joy
aku depresi n lagi dalam fase ini dan tidak ngerti harus gimana sebenarnya,0.554700196,Sadness
i hate my self aku depresi dari aku kecil sejak kecil aku sudah pengin bunuh diri menikah dan punya anak tidak menghilangkan rasa depresi orang tua tidak peduli sejak kecil sering dimarahi dilabel negatif dibanding2in dengan anak yang lain itu sungguh menyakitkan sampai sekarang tidak ada yang bener2 tahu kondisi aku,0.560112034,Anger
saya tidak tau ini orang   di komen pada depresi benar atau cuman mau sok edgy,0.5,Sadness
aku depresi tapi dianggap biasa sama keluarga serta teman2 saya,0.632455532,Sadness
saya sudah lama depresi sampai membuat saya linglung sampai tidak bisa melakukan aktivitas sehari hari,0.516397779,Sadness
beda depresi dan anxiety depresi sedih karena kejadian masa lalu anxiety takut yang terjadi di masa depan,1.45521375,Fear
depresi memang masalah serius banget tapi kadang mikir depresi jadi masalah yang sangat biasa ketika semua orang mengalaminya hmph,0.917662935,Sadness
aku lihat cirin2nya sama yang sedang aku alami sekarang aku depresi pemikiranku gimana caranya mengakhiri hidup,0.5,Sadness
tempat bersandar dan berkeluh kesah lah yang paling dibutuhkan saat seseorang depresi,0.577350269,Sadness
apakah depresi itu identik dengan perasaan sedih terus apakah seseorang yang depresi biasa lebih sering menunjukkan bahwa dia bahagia dengan hidupnya namun sebaliknya mohon di jawab ya kak,1.133893419,Joy
sering liat anak sosoan sadboi depresi biar keliatan keren apa sih bangganya kena depresi,1.069044968,Sadness
banyak orang bilang solusi terbaik depresi itu cerita terbuka nemu solusi lalu senang end yakin segampang itu orang depresi itu mikirnya dirinya tidak berguna cerita ke orang emang siapa yang peduli walopun ada yang   ngasih solusi   tidak lebih dari sekedar ikut2an amp ya sekedar jawab aja masa didiemin dan memang itu realistisnya orang depresi itu mikirinya   emang saya siapa saya cuma dari miliar total populasi bumi kalau seluruh manusia digabung saya tidak lebih dari butir pasir kecil peduli sama saya it s joke masih ada miliar manusia lain sama dengan saya bahkan saya tidak berkontribusi apa2 yang membuat saya spesial dari miliar manusia lain  ,0.577350269,Trust
saya depresi juga sudah berbulan2 berobat belum sembuh cape minum obat,0.603022689,Sadness
bagi para sobat penderita depresi saya cuma bisa ngasih saran sdikit aja jangan kebanyakan mikir,0.516397779,Sadness
depresi itu benar2 diluar dugaan,0.894427191,Sadness
hahahaha keluarga saya bilang depresi itu kurang bersosialisasi main ponsel pintar terus padahal aku disekolah tidak mau lagi ngikutin olahraga dengar kata kata   jelek gila bangsat   pun langsung sedih keingat dikatain   huuu jelek kamu ya gila kamu ngiris diri sendiri bangsat pergi aku tidak mau lihat muka kamu lagi   aku dibulli terus aku sudah bilang ke emak saya tapi dia bilang   biarkan aja lah   aku pengin cek tapi orang tua saya bilang   ce kamu masih punya temen saya kok sedih senyum dikit sih tidak usah cek   anxiety atau depresi sih minimal,0.804030252,Anger
sembahlah allah bukan ponsel pintar meh teu depresi,0.707106781,Sadness
entahlah menurutku orang yang bener bener depresi tidak bakal berani bilang dengan mudah kalau dia depresi karena banyaknya stigma negatif merasa tidak bisa dimengerti dan lain lain,0.769800359,Anticipation
ngkak banget masa depresi kerasukan iblis,0.816496581,Sadness
masalahnya banyak orang cuman pura pura depresi biar cuman biar diperhatiin dikasihanin atau apalah itu depresi bukan bwt becanda becandaan kalau kalian depresi please jangan pernah mikirin tentang suicide becuz kamu hidup adalah gonna be lebih baik i swear hang ini there kalau kalian butuh temen curhat aku siap kok jadi temen curhat kelyan,0.809039835,Sadness
juta penderita depresi berapa orang yang berani berobat di indonesia orang,0.603022689,Sadness
setiap hari saya merasa sedih setiap hari saya memikirkan mati yang orang sering bilang orang depresi kurang iman justru karena iman takut sama tuhan tidak membuatku mengakhiri hidupku sendiri masih bertahan dengan rasa sedih ini,1.014185106,Fear
gejalanya banyak jangan sembarang self diagnosed itu bukan depresi tapi panjat sosial,0.577350269,Sadness
udah depresi tidak punya uang mau konsultasi ke psikolog tidak bisa bayar,0.577350269,Sadness
aku yang depresi aku yang dengerin curhatan mereka  ,0.666666667,Fear
abis dengar berita sulli meninggal karena depresi langsung ke video ini,0.603022689,Sadness
setidaknya kriteria di dalam video ini ber bulan2 lamanya saya baru tau ini namanya depresi,0.516397779,Trust
depresi sama frustasi beda apa sama minimal,0.755928946,Sadness
saya gtw saya punya depresi atau tidak mudah mudahan sih tidak soalnya saya curhat kan masalah saya ke tmn tmn saya mereka jwb kykny kamu punya depresi deh darisitu saya takut selalu berharap omongan mereka itu salah moga aja sih saya tidak kena depresi,0.904534034,Fear
aku dulu depresi tapi sekarang sudah sembuh karena libur hari d,0.603022689,Sadness
habis nonton joker saya depresi,0.894427191,Sadness
bukannya jatuhnya nganu ya kalau kita bilang depresi secara kalimat contohnya eh saya lagi depresi nih,1.0,Sadness
hanya di sini orang orang yang mengerti isi hati saya aku sedih ketika aku lagi depresi selalu di buat bahan candaan,0.872871561,Sadness
dan orang orang cuman anggap orang depresi itu selalu tidak ada masa depan lebay,0.534522484,Sadness
berarti saya depresi udah bertahun tahun dan imun tubuh saya sudah lelah untuk berbohong dengan diri sendiri,0.727606875,Sadness
aku juga lagi depresi setiap malam bakal nangis diam2 sampai rasanya mau bunuh diri,0.534522484,Anticipation
pertanyaan stress sama depresi itu sama tidak minimal,0.707106781,Sadness
kenapa aku gpernah blng lagi depresi ke orang lain pdhal emang lagi depresi,1.109400392,Sadness
kunci dari depresi adalah mencoba untuk senantiasa bersyukur tumbuhkan di dalam diri untuk senantiasa bersyukur keluar dari lingkaran depresi itu memang susah banget apalagi kalau misal kita orangnya tertutup dan tidak mudah bercerita tentang perasaan ke orang kalau mulai ada pikiran yang negatif berusaha lah untuk keluar dari sana berusaha untuk selalu mengingat tuhan amp berusaha terus bersyukur agar depresinya tidak makin parah dalam kandungan surah ada dhuha amp surah al insyirah terdapat kandungan tentang depresi bagaimana manusia harus bersikap tentang depresi,0.993883735,Joy
alhamdulillah saya bersyukur sudah melewati masa masa depresi itu sekarang sudah bangkit dan kembali berjuang untuk masa depan yang lebih baik teman2 yang sedang dalam masa depresi semangat terus percaya lah kalian tidak sendirian tetap lakukan hal2 positif yang bisa kalian lakukan sekecil apapun itu yakinlah tuhan tidak memberikan cobaan ini jika kalian tidak sanggup melewati nya kamu are lebih kuat than kamu think,0.5,Trust
depresi bukan sebuah candaan depresi itu,1.632993162,Sadness
yaampuun benar doong saya kena depresi  ,0.755928946,Sadness
saya nangis nonton video ini apa saya depresi,0.707106781,Sadness
saya suka ngomong   anjing depresi saya   gimana dong,0.632455532,Anger
depresi itu nyata adanya tetapi lingkungan sekitar tidakmengerti bahkan org2 terdekat sendiri yang ternyata menyebabkan seseorang mengalami depresi namun terkadang orang tersebut senaknya kita perlu belajar mengerti bahwa kita pun harus bisa menjaga sikap terhadap orang lain sebenarnya yang dibutuhkn seseorg yang depresi adalah didengarkan support bukan judging seenaknya seperti cuma masalah itu tidak perlu dibesar2in lah banyak yang lebih dari itu ko sumpah omangan itu tidak ngefek sama sekali malah buat mereka semakin down kadang juga ada yang menceramahi dengan dalilnya orang depresi itu tau bukan meraka tidak punya iman percaya atau tidak itu membuat semakin down kamu tidak akan mengerti kalau kamu tidak ngerasain sendiri setiap orang berbeda madalah tidak bisa disama2in tidak bisa dibanding2in dan jangan menjudging seseorang depresi itu lemah tanpa kalian intropeksi bahwa penyebab depresi mereka mungkin saja kamu jadi jaga sikap untuk orang lain sebisa mungkin tidak menyakiti secara sikap maupun ucapkan,0.986393924,Trust
setelah nnton video ini saya ngerasa depresi,0.755928946,Sadness
aku baru sadar dulu aku pernah depresi ternyata tapi sekarang udah tidak lagi,0.554700196,Sadness
depresi dan sedih itu hal yang berbeda tt,1.414213562,Sadness
kita tidak bakal ngerti rasanya depresi sampai terkena olehnya,0.666666667,Anticipation
seseorang yang depresi itu butuh didengar bukan ditertawakan mereka butuh dimengerti bukan disakiti,0.554700196,Sadness
lah saya depresi main ml malah lag,0.755928946,Sadness
kok saya sedih sih nonton a,0.816496581,Sadness
teman saya bisa depresi kalau tidak merokok sebungkus sehari,0.666666667,Sadness
kalian tidak sendirian teman saya juga sama seperti kalian memiliki depresi tapi masih ada semangat untuk hidup saat aktifivitas kurang minat agak males gabut bawaan nya tapi kadang kalau sedang ya semangat banget saya lebih ke bersyukur dan kadang emosi labil tidak karuan diluar kelihatan senang ketawa ketawa bawaan nya ngakak terus senyum gembira sedangkan saat menuju untuk tidur saya sedih tidak karuan resah gelisah lelah insomnia terus akhirnya capek sendiri ya akhirnya tidur pulas deh,0.917662935,Fear
kok saya jadi depresi nontonya,0.894427191,Sadness
pasrah kepada tuhan swt beryukur salat mengaji puasa sadaqah insyaallah tidak akan pernah depresi,0.534522484,Joy
i don t know my condition buat saat ini nonton video saja tidak paham cuma tahu kalau sekarang sedih menyalahkan diri sendiri disaat perasaan sangat sedih dan menangis sambil meratapi semua yang terjadi merasa kurang puas kalau tidak menyakiti diri tidak ada hal yang mau dilakuin i feel i want to die i need someone bantuan saya dan care about saya,0.51214752,Joy
tolong hentikan persepsi bahwa penyakit mental di sebabkan oleh hal religi penyakit mental seperti depresi kecemasan minimnya self esteem diri bukanlah penyakit yang di sebabkan oleh   iman yang kurang   mengajak orang beribadah dikarenakan penyakit mental setara dengan mengajak orang beribadah saat mengalami serangan jantung tolong hentikan mengatakan mereka yang memiliki penyakit mental sebagai orang gila ada berbagai jenis penyakit mental dan dibutuhkan waktu juga penilaian yang tepat untuk mengetahui apa yang sebenarnya diderita tolong hentikan asumsi dan persepsi yang buruk terhadap mereka yang mendatangi psikolog dan psikiater mereka sedang berusaha membenahi diri bila ada teman yang menderita atau menunjukkan gejala gejala tersebut jadilah pendengar yang baik terakhir tolong jangan menilai mahasiswa psikologi atau psikolog sebagai ahli nujum,0.641688948,Fear
depression wasnt a joke jika sesekali kalian nemuin tmn yang sering kali keliatan sedih dalam jangka waktu lama siapapun itu apapun kondisinya jangan anggep remeh dan gunakan timing yang tepat untuk   terus ada   buat tmn kalian kalau mereka curhat tolong dengar dulu semua cerita mereka jangan menyela saat mereka bicara berikan solusi yang tepat dan pertimbangkan ungkapan apa yang pas di timing itu meski terkadang jadi pendengar yang baik sudah lebih dari cukup bagi mereka depresi itu sensitif apalagi depresi akut take ur wise steps,0.643267521,Sadness
jika orang depresi tetapi dia pura pura baik baik saja bagaimana menyelesaikannya,0.577350269,Sadness
aku pernaj depresi gara2 idol kpop,0.816496581,Sadness
iya akhir akhir ini banyak remaja sok depresi tidak tau maksudnya apa kerennya di mana,0.516397779,Sadness
depresi mau obat ya obatnya ya uppresi,0.755928946,Sadness
owh gitu toh kriteria nya gila temen saya pada sok sok an depresi dibercandain seperti gitu,0.5,Sadness
bipolar disorder sama depresi sama tidak sih,0.755928946,Sadness
saya pernah hidup berdampingan dengan penderita depresi yang akhirnya berhasil kami bujuk untuk ke psikiater karena sudah mulai halusinasi saya sendiri pernah post partum depression jadi sepertinya memang inherit kurang lebih rasanya begini sedih yang berkepanjangan tidak nafsu makan menjauh dari kontak dengan orang lain benci suara keributan susah tidur atau malah tidak mau bangun tidur tidak ada yang diinginkan tidak sewajarnya orang pada umumnya misalnya ingin shopping jalan2 tertawa melihat lawakan dan sebagainya merasa tidak berguna tidak ada manfaatnya kesepian siapapun rekan2 yang merasa demikian carilah bantuan segera tidak usah menunggu persetujuan pasangan orang tua sodara teman dan sebagainya temuilah psikolog amp biarkan beliau merujuk ke psikater pedulilah pada kesehatan jiwa amp kebahagiaan hatimu,0.746003847,Joy
saya pernah mengalami depresi minimal itu penyebabnya gara sering begedang dan saya susah untuk tidur tengah malam jadi insomnia pikirin itu terus menghantui saya sehingga saya depresi dan cara untuk menyembuhkan nya adalah dengan sering beribadah dan hidup sehat,0.800640769,Sadness
seperti anxiety dan panik disorder yang terlahir dari depresi,0.666666667,Fear
seperti orang linglung dan takut mati apa termasuk depresi ya,0.632455532,Fear
terkadang diri saya tiba   merasakan rasa sedih tanpa alasan itu kenapa ya,0.554700196,Sadness
sekedar saran yang merasa sedang depresi solatlah yang islam setelah solat hati terasa tentram dan insyaalah depresi hilang,0.942809042,Sadness
makin banyak orang jakarta depresi,0.894427191,Sadness
karena itu lah kita bangsa indonesia harus santai biar tidak depresi v,0.577350269,Sadness
kenapa aku masih tidak ngerti apa iti depresi terutama di bagian gejala gejala sih,0.534522484,Sadness
saya depresi gara gara dibully terus di sekolah,0.707106781,Sadness
kalau depresi ya pen mati aja sudah sedih sendiri indonesia sih pasti banyak pembully otak nya error semua,0.942809042,Sadness
dengan ciri2 diatas saya termasuk depresi,0.816496581,Sadness
terapi terbaik disaat kita menemui titik depresi dan jenuh adalah tersenyum dan istighfar,0.554700196,Sadness
obat depresi terbaik bagi muslim tingkatkan taqwa kepada tuhan amp interaksi dengan al qur an,0.516397779,Sadness
apakah benar depresi dapat menyebabkan rambut memerah,0.755928946,Sadness
yang orang depresi inginkan hanyalah kedamaian,0.816496581,Anticipation
heii semua yang depresi atau yang pernah ngerasain depresi jangan ngerasa sendiri kalau kalian ngerasa mulai2 mengalaimin ciri2 orang depresi jangan ragu2 untuk konsultasi ke psikolog jangan menutupi diri dengan senyuman memang ada yang bilang senyum memnambal luka tapi senyum tidak menutup atau menyembuhkan jangan putus ada yah percaya aja kalau kamu itu penting kayak binatang yang selalu penting untuk para astronot atau astronom mungkin untuk buat banyak orang hal itu tidak penting dan siapapun yang tidak ngerasa depresi di bantu yang temen2 kita yang depresi karena kita tidak perlu jadi pahlawan yang menyelamatkan dunia kita hanya perlu menjadi pahlawan yang menyelamatkan isi dunia kita bisa menjadi orang yang menyelamatkan orang hanya dengan sepenggal kalimat i purple kamu teman kamu have to love yourself dan remember kamu never walk alone,0.877058019,Trust
obat depresi ya meme dan shitposting,0.816496581,Anger
saya kan minus mata jadi tiap mau tidur itu kepikiran ngebayangkan jaman di mana mata saya yang masih sehat jadi tiap tidur hati merasa menyesal yang dulunya bisa liat dengan bebas sekarang cuma 5meter kalau lebih buram kalau mau tidur kadang saya pijet area sekitar mata kayak ada rasa menyesal gitu apa itu depresi,0.680413817,Trust
mungkin tidak sih gara2 depresi bisa jadi introvert,0.707106781,Sadness
well entah aneh atau tidak saya mempunyai kebiasaan yaitu ketika saya mengalami depresi yang sangat berat tubuh saya merespon dengan mengantuk yang sangat berat dan mau tidak mau saya harus tidur namun ketika saya bangun dari tidur otak saya merasa lebih fresh dan seluruh tubuh saya seperti di penuhi energi positif pernah waktu itu saya hampir mencoba bunuh diri tapi tubuh saya merespon dengan sangat berat dan membuat saya tidur seketika beda dengan pingsan ini tidur karena saya bisa merasakan nya well saya berharap orang orang yang depresi bisa mempunyai respon tubuh yang seperti saya karena ini lumayan membantu,0.804030252,Anticipation
kalau depresi biasa lari ke vegatarian,0.816496581,Sadness
kak bisa tidak kalau depresi karena ibu dan ayah cerai,0.632455532,Sadness
aku rasa depresi tidak ada obatnya masih misteri apa ada obatny atau tidak syarat2 depresi itu semua ada di saya sudah saya duga saya lagi depresi semua benar depresi bisa berhubung ke nyawa,1.392621248,Sadness
aku punya teman yang juga depresi di karenakan bullying,0.666666667,Sadness
saya sering cemas berlebihan apa itu bisa diatasi,0.707106781,Fear
depresi bikin hidup seperti orang gila jarang sekali merasa bahagia sulit sekali bersyukur malahan hidup yang di jalani selalu merasa penuh kesengsaraan lebih sering murung jarang sekali ceria emosi berlebih gampang sekali marah sulit mengendalilan pikiran sehat rasa dendam terhadap orang lain teman dan siapa saja lebih suka sendiri di tempat yang tenang benci pekerjaan lebih suka beraktifitas di malam hari suka udara dingin dan benci cuaca siang hari yang panas suasana hati selalu murung marah sedih kecewa putus ada lelah dan lain lain saya ingin normal dan merasakan kebahagiaan,0.737864787,Anger
bodoh amat saya tidak pernah depresi,0.816496581,Sadness
saya benar depresi nanti saya mau bunuh diri v bencanda,0.632455532,Anticipation
baru juga tanya di sekolah depresi apa,0.755928946,Sadness
sekedar cerita aku pas sampai dengan kelas pernah ngalamin depresi gara gara fake friend,0.534522484,Sadness
tapi ya jangan karena diejek dikit terus langsung diagnosis diri sendiri depresi ya apalagi kalau ngaku ngaku di sosmed orang yang sebenarnya kena depresi malah tidak sadar kalau dirinya kena depresi,1.077631812,Sadness
berarti saya selama ini depresi makasi buat temen   saya yang sudah sama aku terus,0.516397779,Sadness
sedih banget ngena banget video ini,0.816496581,Sadness
cuma saran saja gaan kalau depresi nonton meme ajaaaa,0.666666667,Sadness
tidak enaknya depresi itu bertambah kalau kamu laki   masyarakat masih mandang laki   itu tidak boleh depresi karena kuat dan bakal dianggap lemah kalau depresi padahal ya siapa juga ya mau depresi tai,1.371988681,Anticipation
saya takut banget waifu saya di ngewein sama om om apa saya terkena depresi,0.534522484,Fear
sial kok saya sedih nntnnya,0.894427191,Sadness
beda cerita sama anak baru puber yang sok sok an depresi,0.603022689,Sadness
entah mengapa tiba tiba lngsung sedih,0.816496581,Sadness
aku depresi teman sampai game yang aku perjuangin aja rasanya hampa kalau dimainin,0.554700196,Sadness
mendekatkan diri berdoa dan curhat dengan sang pencipta adalah obat segala perasaan hati dan depresi,0.516397779,Sadness
setelah menonton video ini saya tambah depresi d,0.707106781,Sadness
sedih habis lihat video ini soalnya nanti aku bakal depresi karena nanti saudaraku akan meninggal dunia karena dia mengidap penyakit ginjal kronis dan tidak bisa disembuhkan lagi,0.769800359,Anticipation
depresi itu ketika kita hidup di dunia tetapi tidak pernah merasakan memek satu kali pun,0.516397779,Sadness
depresi itu ketika kita hidup tapi tidak pernah merasakan memek prawan,0.603022689,Sadness
depresi adalah ketika kita menikah tetapi istri kita tidak prawan,0.632455532,Sadness
intinya depresi itu timbul karena kesedihan kita yang mendalam akibat ditekan dengan suasana yang tidak mendukung kita ditekan oleh tugas kerja sekolah utang intinya penyebab deperesi adalah manusia,0.56694671,Sadness
depresi sepertinya ini efek manga one piece minggu ini libur,0.632455532,Sadness
pasti depresi saya udah kaya yang di video 4bulanan,0.666666667,Sadness
  orang jahat hanyalah orang yang terlalu depresi  ,0.666666667,Sadness
aku tidak tau apa aku pernah depresi atau tidak tapi yang pasti aku pernah merasa lelah sekali dengan kehidupan tidak bersemangat dan sedih yang berkepanjangan tapi untungnya aku cepat   sadar dan berpikir bahwa itu salah dan aku mulai mendekatkan diri pada tuhan mulai sering baca quran lagi alhamdulillah semua keresahan dan kegelisahan dalam diri hilang ingat hati kita semua adalah milik tuhan maka dekatkanlah hati pada nya dan serahkanlah sepenuhnya pada tuhan,0.585205736,Fear
jadi depresi nih gara   nonton giniian,0.755928946,Sadness
stress dibilang depresi depresi dibilang kesurupan kesurupan dibilang histeria dasar people,1.206045378,Sadness
q bener bener depresi ketika ditinggal ibuku untuk selamanya q kehilangan minat apapun duniaku seperti hancur,0.5,Trust
sudah merasa depresi berbulan bulan,0.894427191,Sadness
semua orang pernah depresi tapi depresi tidak selalu menghantam kita,1.264911064,Sadness
apa anxiety itu hasil dari depresi iya,0.755928946,Fear
biasanya kalau saya depresi main sama temen atau menonton tv,0.632455532,Sadness
semoga kita di jauhkan dari depresi amin,0.755928946,Anticipation
ngilangin depresi dengan cara mabok dasar aku,0.755928946,Sadness
anxiety sama depresi itu sama tidak sih soalnya saya lagi sering stres gitu sampai sering kena heartburn karena gerd,0.917662935,Fear
aku juga depresi karena tidak ada teman yang mau berteman sama aku dikelas,0.554700196,Sadness
terimakasih kak videonya bermanfaat banget omong omong kan kak udah bahas depresi nih tolong dong bahas juga faktor penyebab depresi yang umum lebih dalam seperti broken home nilai ujian yang anjlok dan kurangnya dukungan dari lingkungan serta banyak lagi masalah umum yang jika di biarkan berlalu tanpa penanganan akan memicu timbulnya depresi walaupun masalah hidup orang kan beda beda tapi pingin tahu juga kak penyebab terbesar yang pasti orang alami apasih dan pastinya tiap rentang usia kan beda beda itu di usia berapa sih kebanyakan orang mengalami tekanan hingga menyebabkan depresi serta gimana kita menghadapinya baik jika itu kita sendiri yang ngalamin atau pun orang orang di sekitar kita baik yang dekat atau tidak dekat maaf kalau kebanyakan kak terimakasih sudah membaca komentar ini sampai habis,0.712696645,Anticipation
depresi juga bisa disebut kerasukan iblis mungkin karena iblisnya juga depresi v,1.154700538,Sadness
sedih sumpah hari ini ultah tidak ada yang inget apalagi ngucapin apa ini juga depresi,1.032795559,Sadness
sudah berdampingan dengan rasa depresi,0.894427191,Sadness
sebenarnya kalian bukan merasa depresi kalian cuma nolep sadja,0.666666667,Sadness
neuron penyelamat otak depresi oleh like,0.816496581,Sadness
nonton joker langsung pada edgy ngaku ngaku depresi,0.707106781,Sadness
kunci agar tidak mudah depresi adalah dengan ibadah kawan,0.666666667,Sadness
depresi itu bukan dengar lagu billie eillish ya,0.707106781,Sadness
aku terkadang bisa sedih   sendiri dan susah tidur jika malam hari dan pagi hari nya tidak mudah untuk bangun apa itu depresi,1.04257207,Sadness
saya sering banget ngerasain depresi dan stress jika saya ngeliat dia selalu bersama dengannya,0.534522484,Sadness
kenapa nonton begini malah sedih ya,0.816496581,Sadness
liat video ini sedih sampai pen nangis apalgi di pembukaannya,0.632455532,Sadness
sudah tahun hidup berdampingan dengan depresi sekarang sudah agak kebal,0.632455532,Sadness
wow berarti saya depresi dari sampai,0.816496581,Sadness
  orang jahat terlahir dari orang baik yang tersakiti   padahal kalau dia benar benar baik tidak bakal seperti itu orang yang depresi dan kawan kawan lebih menginginkan kedamaian dalam hidupnya dan kalau ketemu orang yang mau bunuh diri yang dia inginkan bukan mati tapi menghilangkan segala rasa sakitnya untuk kalian yang sedang berjuang semoga cepat membaik take kamu waktu tidak perlu diburu buru untuk membaik segalanya memang melelahkan merasa sedih marah takut dan sebagainya itu manusiawi ambil istirahat sejenak semoga segalanya membaik,0.5488213,Anger
wagelaseh bahasan materinya wajib di viralkan bisa menyelamatkan jutaan orang nih yang kena depresi nih,0.516397779,Sadness
bang sebenarnya apakah depresi sebuah emosi yang berganti ganti,1.0,Sadness
teman buat yang nonton ini terus bilang oh saya depresi pls dont self diagnosing ya lebih bagus pergi cek konsultasi sama healthcare yang gratis entah kenapa saya sering ke triggered kalau misalnya ada post yang begini ada yang bilang depresi padahal sebenarnya belum di diagnosis sama tidak bisa bedain depresi sebenarnya yang segitu painful kalau misalnya ada yang ke triggered dengan kata2 saya mohon maaf tapi pls dont self diagnosing yourself when kamu re tidak depressed,0.688247202,Sadness
lagi depresi berat butuh asupan neuron,0.816496581,Sadness
aku kalau keseringan stres atau depresi langsung biduran dong kesiksa luar dalam,1.154700538,Sadness
penggalaman depresi paling keras di otak saya itu pas kalah lomba yel yel pramuka karena anggota regu saya tidak bisa di andalin udah gitu saya jadi pemimpin nya pas kalah semua regu lain hina saya akibat itu saya tiap hari mikirin itu aja dan trauma kalah terus kalau punya pengalaman depresi berat bisa di komen di sini kok biar sesama tau,0.51214752,Trust
langsung diberanda saya paling atas tau aja saya kadang stress depresi,0.603022689,Sadness
wkwkkw depresi dianggap bukan apa2 sama keluarga saya,0.707106781,Sadness
berati yang saya alamin sekarang depresi,0.816496581,Sadness
yang dislike mungkin sedang depresi,0.894427191,Sadness
siapa disini yang pernah depresi berat,0.816496581,Sadness
setelah nonton video ini aku baru sadar ternyata sering depresi makasih neuron,0.577350269,Sadness
ouh jadi selama ini tahun saya mengalami depresi lah terima kasih neuron dari malaysia,0.534522484,Sadness
coba bro bahas tentang neuron pada otak meditator ada keterhubungan nya juga masalah depresi ini,0.516397779,Sadness
semua kriteria yang disebutkan sedang saya alami mungkin saya sudah layak disebut depresi,0.554700196,Sadness
depresi bukan bahan candaan nice informasi,0.816496581,Sadness
serius saya lagi depresi lebih tenang pas habis nonton video ini,0.603022689,Sadness
saya pribadi beberapa bulan ini mental saya sedikit down akibat ngelamar kerja kesana kemari sulit dan akhirnya saya mulai depresi dan bodohnya saya melakukan hal bodoh yang menyiksa diri sendiri bahkan mulai menjauh dari sosial bahkan agama,0.657595949,Sadness
aku depresi karena saya dikucilkan dan aku bersusah payah cari teman di hago,0.554700196,Sadness
waw sedih yah tetapi sebenarnya aku juga depresi karena saya serung diremehin diejek dan dipukul entah apa dan sampai sekarang saya belum dapatin semangat dari temen temen saya kalau saya membalas orang yang berbuat jahat saya selalu malah diejek oleh temen sekelas sekaligus,0.609994281,Sadness
bisa tidak sih orang depresi karena tidak ada duit,0.666666667,Sadness
cemas kamu dekkk bek bek bek bek bekk,0.707106781,Fear
asalmualikum pagi bang radit maaf bang seblumnya perkenalkan saya toyib bang dari cirebon saya lagi ikhtiar bang buat bantu meringankan beban ibu saya bang saya lagi usaha cari kerja tapi belum dapat   bang kasian ibu saya harus berjuang sndrian buat melunasi hutang yang ditinggalkan almarhum bapak saya bang maaf bang barangkali di tempat atau dirmh bang radit da loker bang saya boleh ikut kerja tidak bang kerja apa ja bang supir saya bisa sim juga da kerja kasar angkat   barang tukang bersih   apa ja saya mau bang yang penting kerja bang saya tidak mau minta   bantuan materi atau sejenis iya bang saya lebih baik kerja dan bisa bantu ibu saya bang tolong iya bang brangkali bisa ikut kerja sama bang radit maaf mkasih bang,0.618718434,Disgust
arti bebas saya bebas dari rasa cemas dan bisa merangkul cemas hal yang disuka di buku filosofi teras terutama cara star,0.872871561,Fear
aku normal tidak sih kalau terlalu memikirkan perkataan orang sampai stres menganut mental saya aku cape,0.75,Sadness
normal tidak sih kak kalau setiap malam stres overthinking tidak bisa tidur tidur pun cukup nympe jam saja kak,0.917662935,Fear
kak aku normal tidak sii aku itu setiap tidur mau tidur siang cuaca panas atau tidur malam aku selalu suka pakai selimut kalau tidur malam padahal pakai kipas angin tapi suka atau wajib pakai selimut dimanapun tempat kalau mau tidur apalagi kalau nemu selimut yang bikin nyaman yang bikin nambah tidur enak,0.832050294,Trust
kenapa iya aku selalu sedih sumpek,0.816496581,Sadness
aneh tidak sih kalau tidak bisa berekspresi di depan orang yang lagi senang sedih,0.534522484,Joy
aneh tidak si kak kalau kita terlalu cemas dengan masalah yang kita hadapi padahal di situ kita tidak salah cuma mental kita terganggu karena itu,0.6,Fear
aneh temen   entah kenapa beberapa hari belakangan ini aku cemas tanpa sebab bingung perasaan suasana hati tidak enak seperti banyak pikiran terkadang semua bisa hampa amp kosong aku sering melamun seperti orang banyak pikiran padahal umurku baru tahun aku cuma berharap aku bisa hidup normal lagi tidak perlu banyak hal   yang tidak seharusnya kupikirkan itu jadi dipikirkan doakan aku teman  ,0.503952631,Fear
saya menghadiri pemakaman kerabat sekarang dia sudah selesai urusan nya di dunia pencapaian yang udah dia raih udah tidak berarti sekarang dan pencapain yang belum tercapai tidak lagi dia pedulikan keluarga nya sekarang lagi sedih mungkin suatu saat nanti dia akan bahagia lagi dengan cara nya dan kehidupan akan terus berjalan depresi dan ovt kayak terlihat konyol karena pada akhir nya semua akan fana semuanya akan selesai kadang suka berpikir gitu mental saya normal tidak ya,0.573539335,Fear
saya pikiran selalu aneh dan abstrak kadang muncul pikiran mengahucurkan kepala saya atau menyakiti diri sendiri ketika kesal dan pikiran tentang kehidupan yang di mana saya hidup bahagia saya benar benar kacau beberapa hari ini,0.507092553,Anger
apa bedanya mental kuat sama mental sehat,0.755928946,Sadness
bener bingung sama hidup ini hidup tapi jiwa terasa mati takut banget sekarang ketemu sama orang kalau malam senang sekali bisa tidur biar pikiran dan hati bisa istirahat tanpa memikirkan dunia,0.538815906,Fear
aku selalu merasa sedih tanpa alasan marah tanpa sebab suka luka ini diri sendiri,0.534522484,Anger
bisa tidak sih perbaikin mental yang sudah down banget ngerasa tidak guna ngerasa bukan diri nya sendiri sedih terus setiap saat,0.654653671,Sadness
kok aku sedih ya liat video ini kayak merasa gimana gitu,0.603022689,Sadness
saya sering merasa sedih dan takut untuk keluar apalagi kalau bertemu dengan orang yang tidak dikenal saya langsung cemas dan takut saya juga sering mengulangi pekerjaan sampai berulang ulang padahal saya sadar itu sangat mengganggu saya setiap hari terserang kecemasan bagaimana solusinya ka,0.609994281,Fear
isu yang tidak pernah di bahas di indonesia adalah isu   mental health   kesehatan mental padahal isu ini sama pentingnya dengan kesehatan fisik bahkan lebih dari itu karena tidak terlihat dan kesehatan mental seseorang juga sangat berpengaruh pada produktifitasnya bayangkan jika seseorang terlalu overthingking dan menganggap dirinya   gila   yang berdampak pula pada kondisi jiwanya dan bisa menimbulkan stress depresi self hate bahkan menyakiti diri sendiri,0.606339063,Sadness
campur aduk lah pokonyamah lngkap di video ini kak mikirinnya jadi sedih,0.577350269,Sadness
gimana mau hidup sehat orang sekitar keluarga yang bikin stres,0.632455532,Sadness
ka normal tidak sih kalau saya lihat orang gila dan saya juga jadi cemas takut gila,0.5,Fear
ng punya utang tapi ng bisa tidur giliran tmnku yang pny utang bisa tidur,0.534522484,Sadness
saya kalau d tempat kerja saya jadi pelawak loh bisa cerita yang bikin ngakak semua tman kerja tapi pas saya sendiri saya kesepian hampa tidak ada guna saya hidup,0.742781353,Sadness
yang liat komen aku tolong jawab ya akhir akhir ini aku sering cemas ngerasa kesepian walau di rumah banyak orang dan mimpi buruk juga tambah takut juga karena di lingkungan aku banyak orang meninggal apa aku butuh ke psikolog psikiatri,0.632455532,Fear
sering mikir buat ngiris tangan pke pisau kalau lagi sedih,0.632455532,Sadness
aku sering cemas tidak naik kelas gimana dong sering takut kalau tidak naik kelas,0.534522484,Fear
aku ngerasa bingung tiap malam kalau mau tidur lebih awal aku berpikir kalau aku akan ngelewatin hal2 tertentu makanya sering tidur larut tapi saat aku tidur larut aku juga mikir gimana besok pagi di kantor kalau tidur jam segini produktif tidak d kntr pasti bakalan ngantuk itu yang bikin aku susah tidur,0.693375245,Anticipation
normal tidak sih kira kira sedih ketika melihat orang lain marah atau sedih apalagi kalau itu karena aku,0.942809042,Anger
saya nonton ini karena lagi stres,0.816496581,Sadness
kadang ngerasa senang sehappy happynya kadang stres sestres stresnya,0.666666667,Joy
abis liat ini jadi cemas karena gapunya duit buat konsultasi,0.632455532,Fear
cara mengistirahatkan pikiran gimana selama hidup tidak pernah pikiranku kosong kecuali pas tidur nyenyak tanpa mimpi,0.5,Sadness
normal tidak kalau aku sedih banget liat temen aku sedih kayak sedih banget terus aku dibilang sok,1.45521375,Sadness
aku merasa ada yang tidak wajar dengan kondisi kejiwaanku aku sring cemas dan takut dengan kematian ditinggal mati orang2 yang saya sayangi kdang saya sampai susah tidur bahkan tidak tidur sama sekali sampai pagi aku tidak tau harus bagaimana dan itu hanya terjadi malam hari,0.596284794,Fear
normal tidak sih suka nangis gitu malam malam terus suka sedih tiba tiba,0.554700196,Sadness
kak normal tidak si takut sendirian ngerasa kesepian tapi tidak pengin punya temen,0.554700196,Fear
aku kebalikannya kak dikira orang orang aku normal padahal depresi sama gangguan cemas capee kak minum obat terus,0.942809042,Fear
semoga yang mengidap penyakit mental illness di berikan kekuatan mental dalam menghadapi penyakitnya dari pencipta amin,0.5,Anticipation
